<modules xmlns="http://smartics.de/ns/jboss-modules-descriptor/1">
	<module name="br.gov.serpro.senha-rede">
		<match>
			<includes>
				<include>
					<groupId>br.gov.serpro.security</groupId>
					<artifactId>senharede-ws-client</artifactId>
				</include>
				<include>
					<groupId>br.gov.serpro.security</groupId>
					<artifactId>security-user-info</artifactId>
				</include>
				<include>
					<groupId>br.gov.serpro.security</groupId>
					<artifactId>webservices-api</artifactId>
				</include>
				<include>
					<groupId>br.gov.serpro.security</groupId>
					<artifactId>webservices-rt</artifactId>
				</include>
			</includes>
		</match>
		<apply-to-module>
			<dependencies>
			    <module name="javax.wsdl4j.api" />
			</dependencies>
		</apply-to-module>
	</module>
</modules>
