<modules xmlns="http://smartics.de/ns/jboss-modules-descriptor/1">
	<module name="br.gov.serpro.loginmodule">
		<match>
			<includes>
				<include>
					<groupId>br.gov.serpro</groupId>
					<artifactId>serpro-loginmodule</artifactId>
				</include>
			</includes>
		</match>

		<apply-to-module>
			<dependencies>
				<module name="br.gov.frameworkdemoiselle.certificate" />
				<module name="br.gov.serpro.javax.api" />
				<module name="br.gov.serpro.senha-rede" />
				<module name="javax.api" />
				<module name="javax.xml.rpc.api" />
				<module name="org.apache.commons.lang" />
			</dependencies>
		</apply-to-module>
	</module>
</modules>