<modules xmlns="http://smartics.de/ns/jboss-modules-descriptor/1">
	<module name="org.apache.axis">
		<match>
			<includes>
				<include>
					<groupId>org.apache.axis</groupId>
  					<artifactId>axis</artifactId>
				</include>
				<include>
					<groupId>org.apache.axis</groupId>
  					<artifactId>axis-jaxrpc</artifactId>
				</include>
			</includes>
		</match>
		<apply-to-module>
			<dependencies>
				<module name="javax.xml.rpc.api" />    
    			<module name="javax.mail.api" />
			    <module name="javax.wsdl4j.api" />
			    <module name="javax.api" />
    			<module name="commons-logging" />
			    <module name="commons-discovery" />
			</dependencies>
		</apply-to-module>
	</module>
</modules>