<?xml version="1.0" encoding="UTF-8"?>
<beans xmlns="http://www.springframework.org/schema/beans"
	xmlns:xsi="http://www.w3.org/2001/XMLSchema-instance" xmlns:context="http://www.springframework.org/schema/context"
	xmlns:mongo="http://www.springframework.org/schema/data/mongo"
	xmlns:repository="http://www.springframework.org/schema/data/repository"
	xmlns:util="http://www.springframework.org/schema/util"
	xsi:schemaLocation="http://www.springframework.org/schema/beans http://www.springframework.org/schema/beans/spring-beans-4.1.xsd
		http://www.springframework.org/schema/context http://www.springframework.org/schema/context/spring-context-4.0.xsd
		http://www.springframework.org/schema/data/mongo http://www.springframework.org/schema/data/mongo/spring-mongo-1.7.xsd
		http://www.springframework.org/schema/data/repository http://www.springframework.org/schema/data/repository/spring-repository-1.7.xsd
		http://www.springframework.org/schema/util http://www.springframework.org/schema/util/spring-util-4.1.xsd">
	<context:property-placeholder
		properties-ref="mongoconfig" ignore-unresolvable="true" />
	<util:properties id="mongoconfig" location="classpath:mongo-config.properties" />
	<bean id="readPreference"
		class="org.springframework.beans.factory.config.MethodInvokingFactoryBean">
		<property name="staticMethod" value="com.mongodb.ReadPreference.nearest" />
	</bean>
	<bean id="mappingContext"
		class="org.springframework.data.mongodb.core.mapping.MongoMappingContext" />
	<bean id="mongoConversionPattern" class="java.lang.String">
		<constructor-arg value="${mongodb.server.datepattern}" />
	</bean>
	<bean id="defaultMongoTypeMapper"
		class="org.springframework.data.mongodb.core.convert.DefaultMongoTypeMapper">
		<constructor-arg name="typeKey">
			<null />
		</constructor-arg>
	</bean>
	<mongo:mapping-converter id="mappingMongoConverter"
		db-factory-ref="mongoDbFactory" mapping-context-ref="mappingContext"
		type-mapper-ref="defaultMongoTypeMapper">
		<mongo:custom-converters
			base-package="com.citigroup.gftp.spring.mongo.converters" />
	</mongo:mapping-converter>
	<mongo:mongo id="mongoClient" replica-set="${mongodb.replica.set}"
		write-concern="MAJORITY">
		<mongo:options auto-connect-retry="true" slave-ok="true"
			write-timeout="${mongodb.write.timeout}" socket-keep-alive="true"
			connect-timeout="${mongodb.connect.timeout}" 
			connections-per-host="${mongodb.conns.perhost}" />
	</mongo:mongo>
	<mongo:db-factory id="mongoDbFactory" dbname="${mongodb.server.dbname}"
		username="${mongodb.server.username}" password="${mongodb.server.password}"
		mongo-ref="mongoClient" write-concern="MAJORITY" />
	<bean id="mongoTemplate" class="org.springframework.data.mongodb.core.MongoTemplate">
		<constructor-arg name="mongoDbFactory" ref="mongoDbFactory" />
		<constructor-arg name="mongoConverter" ref="mappingMongoConverter" />
		<property name="readPreference" ref="readPreference" />
	</bean>
	<mongo:repositories base-package="com.citigroup.gftp.spring.mongo.repositories" 
	   mongo-template-ref="mongoTemplate" factory-class="com.citigroup.gftp.spring.mongo.repositories.CustomMongoRepositoryFactoryBean"/>
</beans>
