<?xml version="1.0" encoding="UTF-8"?>
<beans xmlns="http://www.springframework.org/schema/beans"
	xmlns:xsi="http://www.w3.org/2001/XMLSchema-instance" 
	xmlns:context="http://www.springframework.org/schema/context"
	xsi:schemaLocation="
		http://www.springframework.org/schema/beans http://www.springframework.org/schema/beans/spring-beans-3.1.xsd
		http://www.springframework.org/schema/context http://www.springframework.org/schema/context/spring-context-3.1.xsd">
	
	<context:annotation-config/>

	<bean id="transactionManager" class="org.springframework.batch.support.transaction.ResourcelessTransactionManager"/>
	
	<bean id="jobRepository" class="org.springframework.batch.core.repository.support.MapJobRepositoryFactoryBean">
		<property name="transactionManager" ref="transactionManager"/>
	</bean>
	
	<bean id="jobLauncher" class="org.springframework.batch.core.launch.support.SimpleJobLauncher">
		<property name="jobRepository" ref="jobRepository" />
	</bean>
	
	<bean id="jobRegistry" class="org.springframework.batch.core.configuration.support.MapJobRegistry" />

	<bean id="jobRegistryBeanPostProcessor" class="org.springframework.batch.core.configuration.support.JobRegistryBeanPostProcessor">
		<property name="jobRegistry" ref="jobRegistry" />
	</bean>
	
	<bean id="jobLoader" class="org.springframework.batch.core.configuration.support.AutomaticJobRegistrar">
		<property name="applicationContextFactories">
			<bean class="org.springframework.batch.core.configuration.support.ClasspathXmlApplicationContextsFactoryBean">
				<property name="resources" value="classpath*:/META-INF/spring/batch/jobs/*.xml" />
			</bean>
		</property>
		<property name="jobLoader">
			<bean class="org.springframework.batch.core.configuration.support.DefaultJobLoader">
				<property name="jobRegistry" ref="jobRegistry" />
			</bean>
		</property>
	</bean>
</beans>
