<beans xmlns="http://www.springframework.org/schema/beans"
	xmlns:xsi="http://www.w3.org/2001/XMLSchema-instance"
	xmlns:jdbc="http://www.springframework.org/schema/jdbc"
	xsi:schemaLocation="
	http://www.springframework.org/schema/beans 
	http://www.springframework.org/schema/beans/spring-beans-4.0.xsd
	http://www.springframework.org/schema/jdbc 
	http://www.springframework.org/schema/jdbc/spring-jdbc.xsd">
	
	<import resource="classpath:META-INF/spring/job-config.xml"/>
	
	   <bean
		class="org.springframework.beans.factory.config.PropertyPlaceholderConfigurer">
		<property name="locations">
			<list>
				<value>classpath:META-INF/spring.batch.properties
				</value>								
			</list>
		</property>
		<property name="searchSystemEnvironment" value="true" />
		<property name="systemPropertiesModeName" value="SYSTEM_PROPERTIES_MODE_OVERRIDE" />
		<property name="ignoreUnresolvablePlaceholders" value="true" />
	</bean>
	
	<bean id="jobRepository"
	class="org.springframework.batch.core.repository.support.JobRepositoryFactoryBean">
		<property name="dataSource" ref="dataSource" />
		<property name="transactionManager" ref="transactionManager" />
		<property name="databaseType" value="hsql" />
  	</bean>
  	
  	<bean id="jobLauncher"
	class="org.springframework.batch.core.launch.support.SimpleJobLauncher">
		<property name="jobRepository" ref="jobRepository" />
  	</bean>
  	
  	<bean id="transactionManager"
	class="org.springframework.batch.support.transaction.ResourcelessTransactionManager" />
	
	
	<bean id="dataSource" class="org.apache.commons.dbcp.BasicDataSource"
		lazy-init="true" destroy-method="close">
		<property name="driverClassName" value="org.hsqldb.jdbcDriver" />
		<property name="url"
			value="jdbc:hsqldb:file:src/test/resources/hsqldb/batchcore.db;shutdown=true;" />		
		<property name="username" value="sa" />
		<property name="password" value="" />

	</bean>
 
  <!-- create job-meta tables automatically -->
  <!-- Note: when using db2 or hsql just substitute "mysql" with "db2" or "hsql".
       For example, .../core/schema-drop-db2.sql -->		
	  <jdbc:initialize-database data-source="dataSource">
		<jdbc:script location="org/springframework/batch/core/schema-drop-hsqldb.sql" />
	    <jdbc:script location="org/springframework/batch/core/schema-hsqldb.sql" />
		<jdbc:script location="classpath:hsqldb/initial-query.sql" />
	  </jdbc:initialize-database>
	
</beans>