<?xml version="1.0" encoding="UTF-8"?>
<beans xmlns="http://www.springframework.org/schema/beans"
	xmlns:aop="http://www.springframework.org/schema/aop" xmlns:tx="http://www.springframework.org/schema/tx"
	xmlns:batch="http://www.springframework.org/schema/batch" xmlns:task="http://www.springframework.org/schema/task"
	xmlns:file="http://www.springframework.org/schema/integration/file"
	xmlns:integration="http://www.springframework.org/schema/integration"
	xmlns:p="http://www.springframework.org/schema/p" xmlns:xsi="http://www.w3.org/2001/XMLSchema-instance"
	xmlns:context="http://www.springframework.org/schema/context"	
	xmlns:util="http://www.springframework.org/schema/util"
	xsi:schemaLocation="http://www.springframework.org/schema/beans	
	http://www.springframework.org/schema/beans/spring-beans.xsd 
	http://www.springframework.org/schema/integration
	http://www.springframework.org/schema/integration/spring-integration.xsd
	http://www.springframework.org/schema/integration/file 
	http://www.springframework.org/schema/integration/file/spring-integration-file.xsd
    http://www.springframework.org/schema/beans 
    http://www.springframework.org/schema/beans/spring-beans.xsd
    http://www.springframework.org/schema/batch 
    http://www.springframework.org/schema/batch/spring-batch.xsd
    http://www.springframework.org/schema/context 
    http://www.springframework.org/schema/context/spring-context.xsd
    http://www.springframework.org/schema/aop
	http://www.springframework.org/schema/aop/spring-aop.xsd
	http://www.springframework.org/schema/tx 
	http://www.springframework.org/schema/tx/spring-tx.xsd
	http://www.springframework.org/schema/util 
	http://www.springframework.org/schema/util/spring-util.xsd
	http://www.springframework.org/schema/task
    http://www.springframework.org/schema/task/spring-task.xsd">
    
    <!-- Pojo class used as data model -->  
	<bean id="personModel" class="com.javacodegeeks.util.Person" scope="prototype"/>
	 
	 <!-- Define the job -->
	<job id="springBatchCsvToDbJob" xmlns="http://www.springframework.org/schema/batch">
			<step id="springBatchCsvToDbProcessor" next="callStoredProcedure">			
				<tasklet >
					<chunk reader="itemReader" writer="itemWriter" commit-interval="10"></chunk>
				</tasklet>
			</step>
			<step id="callStoredProcedure">
				<tasklet ref="storedProcedureCall"/>
			</step>
	</job>
	
	<bean id="storedProcedureCall" class="com.javacodegeeks.util.StoredProcedure">
    	<property name="dataSource" ref="dataSource"/>
    	<property name="sql" value="${QUERY}"/>
    </bean>
	
	<!-- Read data from the csv file-->
	<bean id="itemReader" class="org.springframework.batch.item.file.FlatFileItemReader">
   		<property name="resource" value="classpath:sampleData/personData.csv"></property>
   		<property name="linesToSkip" value="1"></property>
   		<property name="lineMapper">
   			<bean class="org.springframework.batch.item.file.mapping.DefaultLineMapper">
   				<property name="lineTokenizer">
   					<bean class="org.springframework.batch.item.file.transform.DelimitedLineTokenizer">
   						<property name="names" value="firstName,lastName,address,age,empId"></property>
   					</bean>
   			    </property>
   				<property name="fieldSetMapper">
   					<bean class="org.springframework.batch.item.file.mapping.BeanWrapperFieldSetMapper">
   						<property name="prototypeBeanName" value="personModel"></property>
   					</bean>
   				</property>
   			</bean>
   		</property>
   </bean>
   
   <bean id="itemWriter" class="org.springframework.batch.item.database.JdbcBatchItemWriter">
   	<property name="dataSource" ref="dataSource"></property>
   	<property name="sql">
   		<value>
   			<![CDATA[
   			    insert into PERSON_DATA(firstName,lastName,address,age,empId)
   				values (:firstName,:lastName,:address,:age,:empId)
   			]]>
   		</value>
   	</property>
   	<property name="itemSqlParameterSourceProvider">
   		<bean class="org.springframework.batch.item.database.BeanPropertyItemSqlParameterSourceProvider"/>
   	</property>
   </bean>
	

    
 </beans>