<?xml version="1.0" encoding="UTF-8"?>
<beans xmlns="http://www.springframework.org/schema/beans"
	xmlns:xsi="http://www.w3.org/2001/XMLSchema-instance"
    xmlns:batch="http://www.springframework.org/schema/batch"
    xmlns:context="http://www.springframework.org/schema/context"
	xsi:schemaLocation="
	http://www.springframework.org/schema/batch http://www.springframework.org/schema/batch/spring-batch.xsd
	http://www.springframework.org/schema/beans http://www.springframework.org/schema/beans/spring-beans.xsd
	http://www.springframework.org/schema/context http://www.springframework.org/schema/context/spring-context.xsd">
	
	<context:annotation-config/>
	
	<bean id="reader" class="org.springframework.batch.item.file.FlatFileItemReader" scope="step">
		<property name="resource" value="#{jobParameters[pathToFile]}"></property>
		<property name="lineMapper" ref="lineMapper"/>
	</bean>
	<bean id="lineMapper" class="org.springframework.batch.item.file.mapping.DefaultLineMapper">
		<property name="lineTokenizer">
			<bean class="org.springframework.batch.item.file.transform.DelimitedLineTokenizer">
				<property name="names" value="name,email"/>
				<property name="includedFields" value="0,2"/>
			</bean>
		</property>
		<property name="fieldSetMapper">
			<bean class="org.springframework.batch.item.file.mapping.BeanWrapperFieldSetMapper">
				<property name="targetType" value="de.codecentric.batch.domain.Partner"/>
			</bean>
		</property>
	</bean>

	<bean id="processor" class="de.codecentric.batch.item.LogItemProcessor">
		<property name="exampleService" ref="exampleService"/>
	</bean>
	
	<bean id="exampleService" class="de.codecentric.batch.item.ExampleService"/>
	<bean id="subExampleService" class="de.codecentric.batch.item.SubExampleService"/>

	<bean id="writer" class="org.springframework.batch.item.database.JdbcBatchItemWriter">
		<property name="sql" value="INSERT INTO PARTNER (NAME, EMAIL) VALUES (:name,:email)"/>
		<property name="dataSource" ref="dataSourcePartner"/>
		<property name="itemSqlParameterSourceProvider">
			<bean class="org.springframework.batch.item.database.BeanPropertyItemSqlParameterSourceProvider"/>
		</property>
	</bean>
	
	<batch:job id="flatfileJob">
		<batch:step id="step">			
			<batch:tasklet>
				<batch:chunk reader="reader" processor="processor" writer="writer" commit-interval="3" />
			</batch:tasklet>
		</batch:step>
	</batch:job> 

</beans>
