<?xml version="1.0" encoding="UTF-8"?>
<beans xmlns="http://www.springframework.org/schema/beans"
	xmlns:aop="http://www.springframework.org/schema/aop" xmlns:tx="http://www.springframework.org/schema/tx"
	xmlns:batch="http://www.springframework.org/schema/batch"
	xmlns:jdbc="http://www.springframework.org/schema/jdbc"
	xmlns:p="http://www.springframework.org/schema/p"
	xmlns:xsi="http://www.w3.org/2001/XMLSchema-instance"
	xsi:schemaLocation="http://www.springframework.org/schema/beans http://www.springframework.org/schema/beans/spring-beans-4.2.xsd
		http://www.springframework.org/schema/aop http://www.springframework.org/schema/aop/spring-aop-4.2.xsd
		http://www.springframework.org/schema/tx http://www.springframework.org/schema/tx/spring-tx-4.2.xsd
		http://www.springframework.org/schema/jdbc http://www.springframework.org/schema/jdbc/spring-jdbc-4.2.xsd
		http://www.springframework.org/schema/batch http://www.springframework.org/schema/batch/spring-batch-3.0.xsd">

	<!-- DataSource de Negócio -->
	
	<bean id="dataSourceCredentials" class="br.gov.serpro.supde.infra.batch.core.transaction.DataSourceCredentials"
		scope="singleton" depends-on="infraJobContext" />

	<bean id="dataSource" class="org.apache.commons.dbcp.BasicDataSource"
		destroy-method="close" depends-on="dataSourceCredentials">
		<property name="driverClassName" value="${infra.jdbc.driver}" />
		<property name="url" value="${infra.jdbc.url}" />
		<property name="username" value="#{dataSourceCredentials.user}" />
		<property name="password" value="#{dataSourceCredentials.password}" />
		<property name="maxActive" value="${infra.jdbc.maxActive}" />
		<property name="initialSize" value="${infra.jdbc.initialSize}" />
		<property name="validationQuery" value="${infra.jdbc.validationQuery}" />
	</bean>

	<bean id="jdbcTemplate" class="org.springframework.jdbc.core.JdbcTemplate">
		<property name="dataSource" ref="dataSource" />
	</bean>
	
	<bean id="oracleLobHandler" class="org.springframework.jdbc.support.lob.DefaultLobHandler"/>

</beans>
