{"dataEnvio" : "09/10/2017", "sequencial" : "0001",
"cnt":"00001R20171A000550451","dataRegistro":"28/08/2017 10:01:07","numRegistroComp":"hg724ce3g88le0kk55bb8l","tipoAtoRTD":"Registro Primitivo Exclusivamente para Conservação - Fiscal","subTipoAtoRTD":"Garantia real ou pessoal","partes":[{"parte":{"ni":"00000000000007","nome":"Nome Pessoa 00000000000007","endereco":{"tipo":"Alameda","titulo":"Travessa","nome":"Nome 882","numero":"882 A","complemento1":"complemento1 1503925267677","complemento2":"complemento2 1503925267677","bairro":"Bairro 1","cidade":"Cidade 1","uf":"MS","cep":"00636864","latitude":"00817660","longitude":"00398069"},"infoContato":[{"tipo":"Celular","contato":"00843529"},{"tipo":"E-mail","contato":"e-mail00843529@qualquer.com"}],"docIdentidade":[{"tipo":"CNH","numIdentidade":"000000674104336","orgaoEmissor":"OEDOCID1","dataEmissao":"28/08/17 10:01"},{"tipo":"CREA","numIdentidade":"000000798510929","orgaoEmissor":"OEDOCID2","dataEmissao":"28/08/17 10:01"}],"dataNascimento":"28/08/17 10:01","dataCasamento":"28/08/17 10:01","anteriorLei6515":true,"dataObito":"28/08/17 10:01","estadoCivil":"CASADO","regimeBens":"Comunhão Universal de Bens","cpfConjuge":"","nomeConjuge":"","nacionalidade":"Naturalizado","pais":"Brasil","rne":"","residente":"","capacidadeCivil":"Capaz","indisponibilidade":false},"vinculo":"Cedente","fracao":82.7689437866211},{"parte":{"ni":"00000000000004","nome":"Nome Pessoa 00000000000004","endereco":{"tipo":"Praça","titulo":"Avenida","nome":"Nome 431","numero":"431 A","complemento1":"complemento1 1503925267678","complemento2":"complemento2 1503925267678","bairro":"Bairro 4","cidade":"Cidade 4","uf":"RO","cep":"00535468","latitude":"00141709","longitude":"00390679"},"infoContato":[{"tipo":"Celular","contato":"00523136"},{"tipo":"E-mail","contato":"e-mail00523136@qualquer.com"}],"docIdentidade":[{"tipo":"RG","numIdentidade":"000000824771317","orgaoEmissor":"OEDOCID1","dataEmissao":"28/08/17 10:01"},{"tipo":"OAB","numIdentidade":"000000291499975","orgaoEmissor":"OEDOCID2","dataEmissao":"28/08/17 10:01"}],"dataNascimento":"28/08/17 10:01","dataCasamento":"28/08/17 10:01","anteriorLei6515":true,"dataObito":"28/08/17 10:01","estadoCivil":"SOLTEIRO","regimeBens":"Separação Total de Bens","cpfConjuge":"","nomeConjuge":"","nacionalidade":"Brasileiro","pais":"Brasil","rne":"","residente":"","capacidadeCivil":"Capaz","indisponibilidade":false},"vinculo":"Cedente","fracao":49.79465866088867},{"parte":{"ni":"00000000000012","nome":"Nome Pessoa 00000000000012","endereco":{"tipo":"Praça","titulo":"Avenida","nome":"Nome 543","numero":"543 A","complemento1":"complemento1 1503925267679","complemento2":"complemento2 1503925267679","bairro":"Bairro 2","cidade":"Cidade 2","uf":"AC","cep":"00428902","latitude":"00534845","longitude":"00014555"},"infoContato":[{"tipo":"Celular","contato":"00839592"},{"tipo":"E-mail","contato":"e-mail00839592@qualquer.com"}],"docIdentidade":[{"tipo":"CREA","numIdentidade":"000000555986926","orgaoEmissor":"OEDOCID1","dataEmissao":"28/08/17 10:01"},{"tipo":"RG","numIdentidade":"000000381043035","orgaoEmissor":"OEDOCID2","dataEmissao":"28/08/17 10:01"}],"dataNascimento":"28/08/17 10:01","dataCasamento":"28/08/17 10:01","anteriorLei6515":true,"dataObito":"28/08/17 10:01","estadoCivil":"SOLTEIRO","regimeBens":"Comunhão Universal de Bens","cpfConjuge":"","nomeConjuge":"","nacionalidade":"Naturalizado","pais":"Brasil","rne":"","residente":"","capacidadeCivil":"Capaz","indisponibilidade":false},"vinculo":"Permutante","fracao":74.37190246582031},{"parte":{"ni":"00000000000010","nome":"Nome Pessoa 00000000000010","endereco":{"tipo":"Avenida","titulo":"Rua","nome":"Nome 248","numero":"248 A","complemento1":"complemento1 1503925267679","complemento2":"complemento2 1503925267679","bairro":"Bairro 7","cidade":"Cidade 7","uf":"SP","cep":"00396780","latitude":"00198249","longitude":"00227915"},"infoContato":[{"tipo":"Celular","contato":"00787789"},{"tipo":"E-mail","contato":"e-mail00787789@qualquer.com"}],"docIdentidade":[{"tipo":"Passaporte","numIdentidade":"000000905981718","orgaoEmissor":"OEDOCID1","dataEmissao":"28/08/17 10:01"},{"tipo":"RG","numIdentidade":"000000386995272","orgaoEmissor":"OEDOCID2","dataEmissao":"28/08/17 10:01"}],"dataNascimento":"28/08/17 10:01","dataCasamento":"28/08/17 10:01","anteriorLei6515":true,"dataObito":"28/08/17 10:01","estadoCivil":"SEPARADO","regimeBens":"Comunhão Universal de Bens","cpfConjuge":"","nomeConjuge":"","nacionalidade":"Naturalizado","pais":"Brasil","rne":"","residente":"","capacidadeCivil":"Capaz","indisponibilidade":false},"vinculo":"Permutante","fracao":97.74623107910156},{"parte":{"ni":"00000000000013","nome":"Nome Pessoa 00000000000013","endereco":{"tipo":"Praça","titulo":"Rua","nome":"Nome 828","numero":"828 A","complemento1":"complemento1 1503925267680","complemento2":"complemento2 1503925267680","bairro":"Bairro 5","cidade":"Cidade 5","uf":"ES","cep":"00784603","latitude":"00112447","longitude":"00379890"},"infoContato":[{"tipo":"Celular","contato":"00221277"},{"tipo":"E-mail","contato":"e-mail00221277@qualquer.com"}],"docIdentidade":[{"tipo":"Passaporte","numIdentidade":"000000003478885","orgaoEmissor":"OEDOCID1","dataEmissao":"28/08/17 10:01"},{"tipo":"CRO","numIdentidade":"000000323838281","orgaoEmissor":"OEDOCID2","dataEmissao":"28/08/17 10:01"}],"dataNascimento":"28/08/17 10:01","dataCasamento":"28/08/17 10:01","anteriorLei6515":true,"dataObito":"28/08/17 10:01","estadoCivil":"DIVORCIADO","regimeBens":"Comunhão Universal de Bens","cpfConjuge":"","nomeConjuge":"","nacionalidade":"Naturalizado","pais":"Brasil","rne":"","residente":"","capacidadeCivil":"Capaz","indisponibilidade":false},"vinculo":"Adquirente","fracao":12.975576400756836},{"parte":{"ni":"00000000000011","nome":"Nome Pessoa 00000000000011","endereco":{"tipo":"Travessa","titulo":"Rua","nome":"Nome 916","numero":"916 A","complemento1":"complemento1 1503925267681","complemento2":"complemento2 1503925267681","bairro":"Bairro 8","cidade":"Cidade 8","uf":"MG","cep":"00750927","latitude":"00212939","longitude":"00656540"},"infoContato":[{"tipo":"Celular","contato":"00418630"},{"tipo":"E-mail","contato":"e-mail00418630@qualquer.com"}],"docIdentidade":[{"tipo":"Passaporte","numIdentidade":"000000087792815","orgaoEmissor":"OEDOCID1","dataEmissao":"28/08/17 10:01"},{"tipo":"CNH","numIdentidade":"000000530398648","orgaoEmissor":"OEDOCID2","dataEmissao":"28/08/17 10:01"}],"dataNascimento":"28/08/17 10:01","dataCasamento":"28/08/17 10:01","anteriorLei6515":true,"dataObito":"28/08/17 10:01","estadoCivil":"CASADO","regimeBens":"Comunhão Universal de Bens","cpfConjuge":"","nomeConjuge":"","nacionalidade":"Brasileiro","pais":"Brasil","rne":"","residente":"","capacidadeCivil":"Capaz","indisponibilidade":false},"vinculo":"Proprietário","fracao":49.57441329956055},{"parte":{"ni":"00000000000013","nome":"Nome Pessoa 00000000000013","endereco":{"tipo":"Avenida","titulo":"Rua","nome":"Nome 933","numero":"933 A","complemento1":"complemento1 1503925267681","complemento2":"complemento2 1503925267681","bairro":"Bairro 5","cidade":"Cidade 5","uf":"SC","cep":"00182083","latitude":"00712095","longitude":"00191662"},"infoContato":[{"tipo":"Celular","contato":"00762302"},{"tipo":"E-mail","contato":"e-mail00762302@qualquer.com"}],"docIdentidade":[{"tipo":"CRO","numIdentidade":"000000276525105","orgaoEmissor":"OEDOCID1","dataEmissao":"28/08/17 10:01"},{"tipo":"Passaporte","numIdentidade":"000000184482492","orgaoEmissor":"OEDOCID2","dataEmissao":"28/08/17 10:01"}],"dataNascimento":"28/08/17 10:01","dataCasamento":"28/08/17 10:01","anteriorLei6515":true,"dataObito":"28/08/17 10:01","estadoCivil":"SEPARADO","regimeBens":"Comunhão Parcial de Bens","cpfConjuge":"","nomeConjuge":"","nacionalidade":"Naturalizado","pais":"Brasil","rne":"","residente":"","capacidadeCivil":"Capaz","indisponibilidade":false},"vinculo":"Apresentante","fracao":2.887242555618286},{"parte":{"ni":"00000000000007","nome":"Nome Pessoa 00000000000007","endereco":{"tipo":"Travessa","titulo":"Travessa","nome":"Nome 771","numero":"771 A","complemento1":"complemento1 1503925267682","complemento2":"complemento2 1503925267682","bairro":"Bairro 4","cidade":"Cidade 4","uf":"PI","cep":"00168104","latitude":"00588670","longitude":"00519397"},"infoContato":[{"tipo":"Celular","contato":"00827628"},{"tipo":"E-mail","contato":"e-mail00827628@qualquer.com"}],"docIdentidade":[{"tipo":"CRO","numIdentidade":"000000364154253","orgaoEmissor":"OEDOCID1","dataEmissao":"28/08/17 10:01"},{"tipo":"CRO","numIdentidade":"000000749953258","orgaoEmissor":"OEDOCID2","dataEmissao":"28/08/17 10:01"}],"dataNascimento":"28/08/17 10:01","dataCasamento":"28/08/17 10:01","anteriorLei6515":true,"dataObito":"28/08/17 10:01","estadoCivil":"SEPARADO","regimeBens":"Comunhão Universal de Bens","cpfConjuge":"","nomeConjuge":"","nacionalidade":"Naturalizado","pais":"Brasil","rne":"","residente":"","capacidadeCivil":"Capaz","indisponibilidade":false},"vinculo":"Declarante","fracao":71.75892639160156}],"numeroRegistroPrimitivo":"NRP 664216","numeroContratoPadrao":"NCP 664216","numeroContrato":"NC 664216","naturezaTitulo":"Matrícula de precatório judicial","subNaturezaTitulo":"Direito real de uso","objetos":[{"tipo":"Obra de Arte","descricao":"Descrição do Bem 1 - 1503925267683","titulares":[{"parte":{"ni":"00000000000013","nome":"Nome Pessoa 00000000000013","endereco":{"tipo":"Praça","titulo":"Avenida","nome":"Nome 91","numero":"91 A","complemento1":"complemento1 1503925267683","complemento2":"complemento2 1503925267683","bairro":"Bairro 8","cidade":"Cidade 8","uf":"SC","cep":"00377580","latitude":"00669988","longitude":"00770538"},"infoContato":[{"tipo":"Celular","contato":"00402035"},{"tipo":"E-mail","contato":"e-mail00402035@qualquer.com"}],"docIdentidade":[{"tipo":"RG","numIdentidade":"000000674588755","orgaoEmissor":"OEDOCID1","dataEmissao":"28/08/17 10:01"},{"tipo":"CREA","numIdentidade":"000000699823489","orgaoEmissor":"OEDOCID2","dataEmissao":"28/08/17 10:01"}],"dataNascimento":"28/08/17 10:01","dataCasamento":"28/08/17 10:01","anteriorLei6515":true,"dataObito":"28/08/17 10:01","estadoCivil":"CASADO","regimeBens":"Comunhão Universal de Bens","cpfConjuge":"","nomeConjuge":"","nacionalidade":"Naturalizado","pais":"Brasil","rne":"","residente":"","capacidadeCivil":"Capaz","indisponibilidade":false},"vinculo":"Remetente","fracao":37.43233871459961},{"parte":{"ni":"00000000000011","nome":"Nome Pessoa 00000000000011","endereco":{"tipo":"Praça","titulo":"Travessa","nome":"Nome 60","numero":"60 A","complemento1":"complemento1 1503925267684","complemento2":"complemento2 1503925267684","bairro":"Bairro 4","cidade":"Cidade 4","uf":"BA","cep":"00132886","latitude":"00714900","longitude":"00019022"},"infoContato":[{"tipo":"Celular","contato":"00974478"},{"tipo":"E-mail","contato":"e-mail00974478@qualquer.com"}],"docIdentidade":[{"tipo":"CNH","numIdentidade":"000000454863453","orgaoEmissor":"OEDOCID1","dataEmissao":"28/08/17 10:01"},{"tipo":"OAB","numIdentidade":"000000489625462","orgaoEmissor":"OEDOCID2","dataEmissao":"28/08/17 10:01"}],"dataNascimento":"28/08/17 10:01","dataCasamento":"28/08/17 10:01","anteriorLei6515":true,"dataObito":"28/08/17 10:01","estadoCivil":"SOLTEIRO","regimeBens":"Comunhão Parcial de Bens","cpfConjuge":"","nomeConjuge":"","nacionalidade":"Brasileiro","pais":"Brasil","rne":"","residente":"","capacidadeCivil":"Capaz","indisponibilidade":false},"vinculo":"Declarante","fracao":26.15326499938965},{"parte":{"ni":"00000000000007","nome":"Nome Pessoa 00000000000007","endereco":{"tipo":"Travessa","titulo":"Rua","nome":"Nome 165","numero":"165 A","complemento1":"complemento1 1503925267685","complemento2":"complemento2 1503925267685","bairro":"Bairro 3","cidade":"Cidade 3","uf":"AL","cep":"00729332","latitude":"00249682","longitude":"00904456"},"infoContato":[{"tipo":"Celular","contato":"00170077"},{"tipo":"E-mail","contato":"e-mail00170077@qualquer.com"}],"docIdentidade":[{"tipo":"Passaporte","numIdentidade":"000000182563192","orgaoEmissor":"OEDOCID1","dataEmissao":"28/08/17 10:01"},{"tipo":"OAB","numIdentidade":"000000876648210","orgaoEmissor":"OEDOCID2","dataEmissao":"28/08/17 10:01"}],"dataNascimento":"28/08/17 10:01","dataCasamento":"28/08/17 10:01","anteriorLei6515":true,"dataObito":"28/08/17 10:01","estadoCivil":"SEPARADO","regimeBens":"Separação Total de Bens","cpfConjuge":"","nomeConjuge":"","nacionalidade":"Brasileiro","pais":"Brasil","rne":"","residente":"","capacidadeCivil":"Capaz","indisponibilidade":false},"vinculo":"Apresentante","fracao":86.97876739501953},{"parte":{"ni":"00000000000002","nome":"Nome Pessoa 00000000000002","endereco":{"tipo":"Alameda","titulo":"Avenida","nome":"Nome 156","numero":"156 A","complemento1":"complemento1 1503925267686","complemento2":"complemento2 1503925267686","bairro":"Bairro 1","cidade":"Cidade 1","uf":"PB","cep":"00973282","latitude":"00180628","longitude":"00925567"},"infoContato":[{"tipo":"Celular","contato":"00268667"},{"tipo":"E-mail","contato":"e-mail00268667@qualquer.com"}],"docIdentidade":[{"tipo":"CREA","numIdentidade":"000000740268328","orgaoEmissor":"OEDOCID1","dataEmissao":"28/08/17 10:01"},{"tipo":"Passaporte","numIdentidade":"000000235567658","orgaoEmissor":"OEDOCID2","dataEmissao":"28/08/17 10:01"}],"dataNascimento":"28/08/17 10:01","dataCasamento":"28/08/17 10:01","anteriorLei6515":true,"dataObito":"28/08/17 10:01","estadoCivil":"DIVORCIADO","regimeBens":"Separação Total de Bens","cpfConjuge":"","nomeConjuge":"","nacionalidade":"Brasileiro","pais":"Brasil","rne":"","residente":"","capacidadeCivil":"Capaz","indisponibilidade":false},"vinculo":"Destinatário","fracao":44.42196273803711},{"parte":{"ni":"00000000000002","nome":"Nome Pessoa 00000000000002","endereco":{"tipo":"Rua","titulo":"Travessa","nome":"Nome 780","numero":"780 A","complemento1":"complemento1 1503925267686","complemento2":"complemento2 1503925267686","bairro":"Bairro 0","cidade":"Cidade 0","uf":"MS","cep":"00779846","latitude":"00693173","longitude":"00954635"},"infoContato":[{"tipo":"Celular","contato":"00968071"},{"tipo":"E-mail","contato":"e-mail00968071@qualquer.com"}],"docIdentidade":[{"tipo":"Passaporte","numIdentidade":"000000282776128","orgaoEmissor":"OEDOCID1","dataEmissao":"28/08/17 10:01"},{"tipo":"Passaporte","numIdentidade":"000000239513941","orgaoEmissor":"OEDOCID2","dataEmissao":"28/08/17 10:01"}],"dataNascimento":"28/08/17 10:01","dataCasamento":"28/08/17 10:01","anteriorLei6515":true,"dataObito":"28/08/17 10:01","estadoCivil":"SOLTEIRO","regimeBens":"Separação Total de Bens","cpfConjuge":"","nomeConjuge":"","nacionalidade":"Brasileiro","pais":"Brasil","rne":"","residente":"","capacidadeCivil":"Capaz","indisponibilidade":false},"vinculo":"Credor","fracao":92.92771911621094},{"parte":{"ni":"00000000000005","nome":"Nome Pessoa 00000000000005","endereco":{"tipo":"Travessa","titulo":"Travessa","nome":"Nome 806","numero":"806 A","complemento1":"complemento1 1503925267687","complemento2":"complemento2 1503925267687","bairro":"Bairro 4","cidade":"Cidade 4","uf":"MT","cep":"00907630","latitude":"00469371","longitude":"00078186"},"infoContato":[{"tipo":"Celular","contato":"00009943"},{"tipo":"E-mail","contato":"e-mail00009943@qualquer.com"}],"docIdentidade":[{"tipo":"OAB","numIdentidade":"000000704968670","orgaoEmissor":"OEDOCID1","dataEmissao":"28/08/17 10:01"},{"tipo":"CRO","numIdentidade":"000000774379620","orgaoEmissor":"OEDOCID2","dataEmissao":"28/08/17 10:01"}],"dataNascimento":"28/08/17 10:01","dataCasamento":"28/08/17 10:01","anteriorLei6515":true,"dataObito":"28/08/17 10:01","estadoCivil":"SOLTEIRO","regimeBens":"Separação Total de Bens","cpfConjuge":"","nomeConjuge":"","nacionalidade":"Brasileiro","pais":"Brasil","rne":"","residente":"","capacidadeCivil":"Capaz","indisponibilidade":false},"vinculo":"Cessionário","fracao":25.06174087524414}],"designacaoCadastral":[{"tipo":"tipo 03","numero":"numero 1503925267683","descricao":"Descricao 1503925267683"},{"tipo":"tipo 04","numero":"numero 1503925267683","descricao":"Descricao 1503925267683"}],"valor":"R$ 117.84143"},{"tipo":"Animal de raça","descricao":"Descrição do Bem 2 - 1503925267683","titulares":[{"parte":{"ni":"00000000000004","nome":"Nome Pessoa 00000000000004","endereco":{"tipo":"Avenida","titulo":"Travessa","nome":"Nome 408","numero":"408 A","complemento1":"complemento1 1503925267689","complemento2":"complemento2 1503925267689","bairro":"Bairro 9","cidade":"Cidade 9","uf":"SP","cep":"00530617","latitude":"00725214","longitude":"00908409"},"infoContato":[{"tipo":"Celular","contato":"00524152"},{"tipo":"E-mail","contato":"e-mail00524152@qualquer.com"}],"docIdentidade":[{"tipo":"CREA","numIdentidade":"000000866098496","orgaoEmissor":"OEDOCID1","dataEmissao":"28/08/17 10:01"},{"tipo":"CRO","numIdentidade":"000000932978806","orgaoEmissor":"OEDOCID2","dataEmissao":"28/08/17 10:01"}],"dataNascimento":"28/08/17 10:01","dataCasamento":"28/08/17 10:01","anteriorLei6515":true,"dataObito":"28/08/17 10:01","estadoCivil":"SEPARADO","regimeBens":"Separação Total de Bens","cpfConjuge":"","nomeConjuge":"","nacionalidade":"Brasileiro","pais":"Brasil","rne":"","residente":"","capacidadeCivil":"Capaz","indisponibilidade":false},"vinculo":"Arrendatário","fracao":15.698369026184082},{"parte":{"ni":"00000000000007","nome":"Nome Pessoa 00000000000007","endereco":{"tipo":"Alameda","titulo":"Travessa","nome":"Nome 160","numero":"160 A","complemento1":"complemento1 1503925267690","complemento2":"complemento2 1503925267690","bairro":"Bairro 2","cidade":"Cidade 2","uf":"PR","cep":"00932829","latitude":"00294058","longitude":"00283029"},"infoContato":[{"tipo":"Celular","contato":"00312141"},{"tipo":"E-mail","contato":"e-mail00312141@qualquer.com"}],"docIdentidade":[{"tipo":"RG","numIdentidade":"000000297336194","orgaoEmissor":"OEDOCID1","dataEmissao":"28/08/17 10:01"},{"tipo":"OAB","numIdentidade":"000000606621456","orgaoEmissor":"OEDOCID2","dataEmissao":"28/08/17 10:01"}],"dataNascimento":"28/08/17 10:01","dataCasamento":"28/08/17 10:01","anteriorLei6515":true,"dataObito":"28/08/17 10:01","estadoCivil":"SEPARADO","regimeBens":"Comunhão Universal de Bens","cpfConjuge":"","nomeConjuge":"","nacionalidade":"Naturalizado","pais":"Brasil","rne":"","residente":"","capacidadeCivil":"Capaz","indisponibilidade":false},"vinculo":"Síndico","fracao":71.37934875488281},{"parte":{"ni":"00000000000010","nome":"Nome Pessoa 00000000000010","endereco":{"tipo":"Avenida","titulo":"Rua","nome":"Nome 284","numero":"284 A","complemento1":"complemento1 1503925267690","complemento2":"complemento2 1503925267690","bairro":"Bairro 9","cidade":"Cidade 9","uf":"AC","cep":"00587872","latitude":"00165521","longitude":"00418322"},"infoContato":[{"tipo":"Celular","contato":"00632511"},{"tipo":"E-mail","contato":"e-mail00632511@qualquer.com"}],"docIdentidade":[{"tipo":"CREA","numIdentidade":"000000432031038","orgaoEmissor":"OEDOCID1","dataEmissao":"28/08/17 10:01"},{"tipo":"RG","numIdentidade":"000000668766970","orgaoEmissor":"OEDOCID2","dataEmissao":"28/08/17 10:01"}],"dataNascimento":"28/08/17 10:01","dataCasamento":"28/08/17 10:01","anteriorLei6515":true,"dataObito":"28/08/17 10:01","estadoCivil":"SEPARADO","regimeBens":"Comunhão Parcial de Bens","cpfConjuge":"","nomeConjuge":"","nacionalidade":"Naturalizado","pais":"Brasil","rne":"","residente":"","capacidadeCivil":"Capaz","indisponibilidade":false},"vinculo":"Mandante","fracao":48.25712585449219},{"parte":{"ni":"00000000000003","nome":"Nome Pessoa 00000000000003","endereco":{"tipo":"Beco","titulo":"Travessa","nome":"Nome 742","numero":"742 A","complemento1":"complemento1 1503925267691","complemento2":"complemento2 1503925267691","bairro":"Bairro 4","cidade":"Cidade 4","uf":"AP","cep":"00619069","latitude":"00013788","longitude":"00023967"},"infoContato":[{"tipo":"Celular","contato":"00590126"},{"tipo":"E-mail","contato":"e-mail00590126@qualquer.com"}],"docIdentidade":[{"tipo":"CRO","numIdentidade":"000000970019919","orgaoEmissor":"OEDOCID1","dataEmissao":"28/08/17 10:01"},{"tipo":"CREA","numIdentidade":"000000196797350","orgaoEmissor":"OEDOCID2","dataEmissao":"28/08/17 10:01"}],"dataNascimento":"28/08/17 10:01","dataCasamento":"28/08/17 10:01","anteriorLei6515":true,"dataObito":"28/08/17 10:01","estadoCivil":"DIVORCIADO","regimeBens":"Comunhão Parcial de Bens","cpfConjuge":"","nomeConjuge":"","nacionalidade":"Naturalizado","pais":"Brasil","rne":"","residente":"","capacidadeCivil":"Capaz","indisponibilidade":false},"vinculo":"Remetente","fracao":54.373146057128906},{"parte":{"ni":"00000000000001","nome":"Nome Pessoa 00000000000001","endereco":{"tipo":"Rua","titulo":"Travessa","nome":"Nome 196","numero":"196 A","complemento1":"complemento1 1503925267692","complemento2":"complemento2 1503925267692","bairro":"Bairro 9","cidade":"Cidade 9","uf":"PA","cep":"00988935","latitude":"00499674","longitude":"00374671"},"infoContato":[{"tipo":"Celular","contato":"00329209"},{"tipo":"E-mail","contato":"e-mail00329209@qualquer.com"}],"docIdentidade":[{"tipo":"Passaporte","numIdentidade":"000000917055452","orgaoEmissor":"OEDOCID1","dataEmissao":"28/08/17 10:01"},{"tipo":"Passaporte","numIdentidade":"000000060514025","orgaoEmissor":"OEDOCID2","dataEmissao":"28/08/17 10:01"}],"dataNascimento":"28/08/17 10:01","dataCasamento":"28/08/17 10:01","anteriorLei6515":true,"dataObito":"28/08/17 10:01","estadoCivil":"DIVORCIADO","regimeBens":"Separação Total de Bens","cpfConjuge":"","nomeConjuge":"","nacionalidade":"Naturalizado","pais":"Brasil","rne":"","residente":"","capacidadeCivil":"Capaz","indisponibilidade":false},"vinculo":"Testemunha","fracao":64.91047668457031},{"parte":{"ni":"00000000000010","nome":"Nome Pessoa 00000000000010","endereco":{"tipo":"Alameda","titulo":"Avenida","nome":"Nome 373","numero":"373 A","complemento1":"complemento1 1503925267693","complemento2":"complemento2 1503925267693","bairro":"Bairro 4","cidade":"Cidade 4","uf":"MS","cep":"00054548","latitude":"00099929","longitude":"00362327"},"infoContato":[{"tipo":"Celular","contato":"00641291"},{"tipo":"E-mail","contato":"e-mail00641291@qualquer.com"}],"docIdentidade":[{"tipo":"OAB","numIdentidade":"000000689700232","orgaoEmissor":"OEDOCID1","dataEmissao":"28/08/17 10:01"},{"tipo":"CRO","numIdentidade":"000000855221894","orgaoEmissor":"OEDOCID2","dataEmissao":"28/08/17 10:01"}],"dataNascimento":"28/08/17 10:01","dataCasamento":"28/08/17 10:01","anteriorLei6515":true,"dataObito":"28/08/17 10:01","estadoCivil":"SEPARADO","regimeBens":"Comunhão Universal de Bens","cpfConjuge":"","nomeConjuge":"","nacionalidade":"Naturalizado","pais":"Brasil","rne":"","residente":"","capacidadeCivil":"Capaz","indisponibilidade":false},"vinculo":"Cessionário","fracao":92.31999206542969},{"parte":{"ni":"00000000000008","nome":"Nome Pessoa 00000000000008","endereco":{"tipo":"Alameda","titulo":"Rua","nome":"Nome 556","numero":"556 A","complemento1":"complemento1 1503925267694","complemento2":"complemento2 1503925267694","bairro":"Bairro 5","cidade":"Cidade 5","uf":"AL","cep":"00454261","latitude":"00987064","longitude":"00539276"},"infoContato":[{"tipo":"Celular","contato":"00364827"},{"tipo":"E-mail","contato":"e-mail00364827@qualquer.com"}],"docIdentidade":[{"tipo":"CREA","numIdentidade":"000000741012709","orgaoEmissor":"OEDOCID1","dataEmissao":"28/08/17 10:01"},{"tipo":"CREA","numIdentidade":"000000132722430","orgaoEmissor":"OEDOCID2","dataEmissao":"28/08/17 10:01"}],"dataNascimento":"28/08/17 10:01","dataCasamento":"28/08/17 10:01","anteriorLei6515":true,"dataObito":"28/08/17 10:01","estadoCivil":"DIVORCIADO","regimeBens":"Separação Total de Bens","cpfConjuge":"","nomeConjuge":"","nacionalidade":"Brasileiro","pais":"Brasil","rne":"","residente":"","capacidadeCivil":"Capaz","indisponibilidade":false},"vinculo":"Testemunha","fracao":65.2715072631836},{"parte":{"ni":"00000000000009","nome":"Nome Pessoa 00000000000009","endereco":{"tipo":"Alameda","titulo":"Travessa","nome":"Nome 24","numero":"24 A","complemento1":"complemento1 1503925267695","complemento2":"complemento2 1503925267695","bairro":"Bairro 5","cidade":"Cidade 5","uf":"RN","cep":"00674957","latitude":"00331529","longitude":"00928258"},"infoContato":[{"tipo":"Celular","contato":"00920451"},{"tipo":"E-mail","contato":"e-mail00920451@qualquer.com"}],"docIdentidade":[{"tipo":"OAB","numIdentidade":"000000910929844","orgaoEmissor":"OEDOCID1","dataEmissao":"28/08/17 10:01"},{"tipo":"Passaporte","numIdentidade":"000000082565357","orgaoEmissor":"OEDOCID2","dataEmissao":"28/08/17 10:01"}],"dataNascimento":"28/08/17 10:01","dataCasamento":"28/08/17 10:01","anteriorLei6515":true,"dataObito":"28/08/17 10:01","estadoCivil":"SOLTEIRO","regimeBens":"Comunhão Universal de Bens","cpfConjuge":"","nomeConjuge":"","nacionalidade":"Brasileiro","pais":"Brasil","rne":"","residente":"","capacidadeCivil":"Capaz","indisponibilidade":false},"vinculo":"Proprietário","fracao":32.53721618652344},{"parte":{"ni":"00000000000013","nome":"Nome Pessoa 00000000000013","endereco":{"tipo":"Avenida","titulo":"Rua","nome":"Nome 662","numero":"662 A","complemento1":"complemento1 1503925267696","complemento2":"complemento2 1503925267696","bairro":"Bairro 0","cidade":"Cidade 0","uf":"MG","cep":"00865129","latitude":"00905177","longitude":"00190232"},"infoContato":[{"tipo":"Celular","contato":"00850354"},{"tipo":"E-mail","contato":"e-mail00850354@qualquer.com"}],"docIdentidade":[{"tipo":"Passaporte","numIdentidade":"000000519339003","orgaoEmissor":"OEDOCID1","dataEmissao":"28/08/17 10:01"},{"tipo":"RG","numIdentidade":"000000441388799","orgaoEmissor":"OEDOCID2","dataEmissao":"28/08/17 10:01"}],"dataNascimento":"28/08/17 10:01","dataCasamento":"28/08/17 10:01","anteriorLei6515":true,"dataObito":"28/08/17 10:01","estadoCivil":"DIVORCIADO","regimeBens":"Comunhão Parcial de Bens","cpfConjuge":"","nomeConjuge":"","nacionalidade":"Naturalizado","pais":"Brasil","rne":"","residente":"","capacidadeCivil":"Capaz","indisponibilidade":false},"vinculo":"Destinatário","fracao":38.15696334838867}],"designacaoCadastral":[{"tipo":"tipo 07","numero":"numero 1503925267683","descricao":"Descricao 1503925267683"},{"tipo":"tipo 08","numero":"numero 1503925267683","descricao":"Descricao 1503925267683"}],"valor":"R$ 20704.895"}],"valorTR":"R$ 15.157378","valorDivida":"R$ 29.04703","termoFinalPagamento":"28/08/2017 10:01:07","taxaJuros":1.5367496013641357,"periodicidade":"Anual","garantias":[{"naturezaGarantia":"Hipoteca","descricaoGarantia":"Descrição da Garantia 1 1503925267697","bensDireitos":[{"tipo":"Obra de Arte","descricao":"Descrição do Bem 1 - 1503925267697","titulares":[{"parte":{"ni":"00000000000001","nome":"Nome Pessoa 00000000000001","endereco":{"tipo":"Rua","titulo":"Avenida","nome":"Nome 60","numero":"60 A","complemento1":"complemento1 1503925267698","complemento2":"complemento2 1503925267698","bairro":"Bairro 5","cidade":"Cidade 5","uf":"SE","cep":"00888841","latitude":"00153960","longitude":"00225125"},"infoContato":[{"tipo":"Celular","contato":"00837277"},{"tipo":"E-mail","contato":"e-mail00837277@qualquer.com"}],"docIdentidade":[{"tipo":"CNH","numIdentidade":"000000446163799","orgaoEmissor":"OEDOCID1","dataEmissao":"28/08/17 10:01"},{"tipo":"Passaporte","numIdentidade":"000000892352267","orgaoEmissor":"OEDOCID2","dataEmissao":"28/08/17 10:01"}],"dataNascimento":"28/08/17 10:01","dataCasamento":"28/08/17 10:01","anteriorLei6515":true,"dataObito":"28/08/17 10:01","estadoCivil":"SEPARADO","regimeBens":"Comunhão Parcial de Bens","cpfConjuge":"","nomeConjuge":"","nacionalidade":"Naturalizado","pais":"Brasil","rne":"","residente":"","capacidadeCivil":"Capaz","indisponibilidade":false},"vinculo":"Proprietário","fracao":76.75035858154297},{"parte":{"ni":"00000000000012","nome":"Nome Pessoa 00000000000012","endereco":{"tipo":"Praça","titulo":"Rua","nome":"Nome 203","numero":"203 A","complemento1":"complemento1 1503925267699","complemento2":"complemento2 1503925267699","bairro":"Bairro 6","cidade":"Cidade 6","uf":"RO","cep":"00778371","latitude":"00050529","longitude":"00866241"},"infoContato":[{"tipo":"Celular","contato":"00431074"},{"tipo":"E-mail","contato":"e-mail00431074@qualquer.com"}],"docIdentidade":[{"tipo":"CRO","numIdentidade":"000000841431476","orgaoEmissor":"OEDOCID1","dataEmissao":"28/08/17 10:01"},{"tipo":"CNH","numIdentidade":"000000630072579","orgaoEmissor":"OEDOCID2","dataEmissao":"28/08/17 10:01"}],"dataNascimento":"28/08/17 10:01","dataCasamento":"28/08/17 10:01","anteriorLei6515":true,"dataObito":"28/08/17 10:01","estadoCivil":"DIVORCIADO","regimeBens":"Comunhão Universal de Bens","cpfConjuge":"","nomeConjuge":"","nacionalidade":"Brasileiro","pais":"Brasil","rne":"","residente":"","capacidadeCivil":"Capaz","indisponibilidade":false},"vinculo":"Adquirente","fracao":93.09273529052734},{"parte":{"ni":"00000000000008","nome":"Nome Pessoa 00000000000008","endereco":{"tipo":"Rua","titulo":"Avenida","nome":"Nome 345","numero":"345 A","complemento1":"complemento1 1503925267700","complemento2":"complemento2 1503925267700","bairro":"Bairro 3","cidade":"Cidade 3","uf":"AP","cep":"00759919","latitude":"00110233","longitude":"00484009"},"infoContato":[{"tipo":"Celular","contato":"00186471"},{"tipo":"E-mail","contato":"e-mail00186471@qualquer.com"}],"docIdentidade":[{"tipo":"CNH","numIdentidade":"000000414209626","orgaoEmissor":"OEDOCID1","dataEmissao":"28/08/17 10:01"},{"tipo":"OAB","numIdentidade":"000000614763527","orgaoEmissor":"OEDOCID2","dataEmissao":"28/08/17 10:01"}],"dataNascimento":"28/08/17 10:01","dataCasamento":"28/08/17 10:01","anteriorLei6515":true,"dataObito":"28/08/17 10:01","estadoCivil":"SOLTEIRO","regimeBens":"Comunhão Parcial de Bens","cpfConjuge":"","nomeConjuge":"","nacionalidade":"Brasileiro","pais":"Brasil","rne":"","residente":"","capacidadeCivil":"Capaz","indisponibilidade":false},"vinculo":"Permutante","fracao":51.88135528564453},{"parte":{"ni":"00000000000011","nome":"Nome Pessoa 00000000000011","endereco":{"tipo":"Praça","titulo":"Travessa","nome":"Nome 567","numero":"567 A","complemento1":"complemento1 1503925267700","complemento2":"complemento2 1503925267700","bairro":"Bairro 1","cidade":"Cidade 1","uf":"PB","cep":"00257048","latitude":"00710929","longitude":"00639724"},"infoContato":[{"tipo":"Celular","contato":"00175004"},{"tipo":"E-mail","contato":"e-mail00175004@qualquer.com"}],"docIdentidade":[{"tipo":"CREA","numIdentidade":"000000479030200","orgaoEmissor":"OEDOCID1","dataEmissao":"28/08/17 10:01"},{"tipo":"RG","numIdentidade":"000000574896608","orgaoEmissor":"OEDOCID2","dataEmissao":"28/08/17 10:01"}],"dataNascimento":"28/08/17 10:01","dataCasamento":"28/08/17 10:01","anteriorLei6515":true,"dataObito":"28/08/17 10:01","estadoCivil":"SEPARADO","regimeBens":"Separação Total de Bens","cpfConjuge":"","nomeConjuge":"","nacionalidade":"Brasileiro","pais":"Brasil","rne":"","residente":"","capacidadeCivil":"Capaz","indisponibilidade":false},"vinculo":"Mandatário","fracao":54.008575439453125},{"parte":{"ni":"00000000000007","nome":"Nome Pessoa 00000000000007","endereco":{"tipo":"Alameda","titulo":"Travessa","nome":"Nome 678","numero":"678 A","complemento1":"complemento1 1503925267701","complemento2":"complemento2 1503925267701","bairro":"Bairro 2","cidade":"Cidade 2","uf":"CE","cep":"00249877","latitude":"00824455","longitude":"00430344"},"infoContato":[{"tipo":"Celular","contato":"00443309"},{"tipo":"E-mail","contato":"e-mail00443309@qualquer.com"}],"docIdentidade":[{"tipo":"RG","numIdentidade":"000000475413074","orgaoEmissor":"OEDOCID1","dataEmissao":"28/08/17 10:01"},{"tipo":"CNH","numIdentidade":"000000915268187","orgaoEmissor":"OEDOCID2","dataEmissao":"28/08/17 10:01"}],"dataNascimento":"28/08/17 10:01","dataCasamento":"28/08/17 10:01","anteriorLei6515":true,"dataObito":"28/08/17 10:01","estadoCivil":"SEPARADO","regimeBens":"Comunhão Universal de Bens","cpfConjuge":"","nomeConjuge":"","nacionalidade":"Brasileiro","pais":"Brasil","rne":"","residente":"","capacidadeCivil":"Capaz","indisponibilidade":false},"vinculo":"Devedor","fracao":37.767662048339844},{"parte":{"ni":"00000000000013","nome":"Nome Pessoa 00000000000013","endereco":{"tipo":"Rua","titulo":"Travessa","nome":"Nome 8","numero":"8 A","complemento1":"complemento1 1503925267702","complemento2":"complemento2 1503925267702","bairro":"Bairro 5","cidade":"Cidade 5","uf":"PE","cep":"00870712","latitude":"00973951","longitude":"00421754"},"infoContato":[{"tipo":"Celular","contato":"00571209"},{"tipo":"E-mail","contato":"e-mail00571209@qualquer.com"}],"docIdentidade":[{"tipo":"RG","numIdentidade":"000000190160481","orgaoEmissor":"OEDOCID1","dataEmissao":"28/08/17 10:01"},{"tipo":"RG","numIdentidade":"000000906959154","orgaoEmissor":"OEDOCID2","dataEmissao":"28/08/17 10:01"}],"dataNascimento":"28/08/17 10:01","dataCasamento":"28/08/17 10:01","anteriorLei6515":true,"dataObito":"28/08/17 10:01","estadoCivil":"DIVORCIADO","regimeBens":"Separação Total de Bens","cpfConjuge":"","nomeConjuge":"","nacionalidade":"Brasileiro","pais":"Brasil","rne":"","residente":"","capacidadeCivil":"Capaz","indisponibilidade":false},"vinculo":"Representante","fracao":40.062164306640625},{"parte":{"ni":"00000000000001","nome":"Nome Pessoa 00000000000001","endereco":{"tipo":"Avenida","titulo":"Rua","nome":"Nome 879","numero":"879 A","complemento1":"complemento1 1503925267703","complemento2":"complemento2 1503925267703","bairro":"Bairro 0","cidade":"Cidade 0","uf":"PR","cep":"00626114","latitude":"00694983","longitude":"00287811"},"infoContato":[{"tipo":"Celular","contato":"00084188"},{"tipo":"E-mail","contato":"e-mail00084188@qualquer.com"}],"docIdentidade":[{"tipo":"CRO","numIdentidade":"000000958848333","orgaoEmissor":"OEDOCID1","dataEmissao":"28/08/17 10:01"},{"tipo":"RG","numIdentidade":"000000925596833","orgaoEmissor":"OEDOCID2","dataEmissao":"28/08/17 10:01"}],"dataNascimento":"28/08/17 10:01","dataCasamento":"28/08/17 10:01","anteriorLei6515":true,"dataObito":"28/08/17 10:01","estadoCivil":"SEPARADO","regimeBens":"Comunhão Universal de Bens","cpfConjuge":"","nomeConjuge":"","nacionalidade":"Brasileiro","pais":"Brasil","rne":"","residente":"","capacidadeCivil":"Capaz","indisponibilidade":false},"vinculo":"Credor","fracao":74.19578552246094}],"designacaoCadastral":[{"tipo":"tipo 03","numero":"numero 1503925267697","descricao":"Descricao 1503925267697"},{"tipo":"tipo 04","numero":"numero 1503925267697","descricao":"Descricao 1503925267697"}],"valor":"R$ 9886.801"},{"tipo":"Animal de raça","descricao":"Descrição do Bem 2 - 1503925267697","titulares":[{"parte":{"ni":"00000000000009","nome":"Nome Pessoa 00000000000009","endereco":{"tipo":"Alameda","titulo":"Rua","nome":"Nome 282","numero":"282 A","complemento1":"complemento1 1503925267704","complemento2":"complemento2 1503925267704","bairro":"Bairro 0","cidade":"Cidade 0","uf":"PB","cep":"00057422","latitude":"00332529","longitude":"00903427"},"infoContato":[{"tipo":"Celular","contato":"00726568"},{"tipo":"E-mail","contato":"e-mail00726568@qualquer.com"}],"docIdentidade":[{"tipo":"CRO","numIdentidade":"000000816447853","orgaoEmissor":"OEDOCID1","dataEmissao":"28/08/17 10:01"},{"tipo":"OAB","numIdentidade":"000000113650437","orgaoEmissor":"OEDOCID2","dataEmissao":"28/08/17 10:01"}],"dataNascimento":"28/08/17 10:01","dataCasamento":"28/08/17 10:01","anteriorLei6515":true,"dataObito":"28/08/17 10:01","estadoCivil":"SOLTEIRO","regimeBens":"Separação Total de Bens","cpfConjuge":"","nomeConjuge":"","nacionalidade":"Brasileiro","pais":"Brasil","rne":"","residente":"","capacidadeCivil":"Capaz","indisponibilidade":false},"vinculo":"Arrendatário","fracao":13.065983772277832},{"parte":{"ni":"00000000000001","nome":"Nome Pessoa 00000000000001","endereco":{"tipo":"Rua","titulo":"Travessa","nome":"Nome 593","numero":"593 A","complemento1":"complemento1 1503925267705","complemento2":"complemento2 1503925267705","bairro":"Bairro 2","cidade":"Cidade 2","uf":"MA","cep":"00513609","latitude":"00464161","longitude":"00609472"},"infoContato":[{"tipo":"Celular","contato":"00945123"},{"tipo":"E-mail","contato":"e-mail00945123@qualquer.com"}],"docIdentidade":[{"tipo":"OAB","numIdentidade":"000000479415142","orgaoEmissor":"OEDOCID1","dataEmissao":"28/08/17 10:01"},{"tipo":"OAB","numIdentidade":"000000424147871","orgaoEmissor":"OEDOCID2","dataEmissao":"28/08/17 10:01"}],"dataNascimento":"28/08/17 10:01","dataCasamento":"28/08/17 10:01","anteriorLei6515":true,"dataObito":"28/08/17 10:01","estadoCivil":"DIVORCIADO","regimeBens":"Separação Total de Bens","cpfConjuge":"","nomeConjuge":"","nacionalidade":"Brasileiro","pais":"Brasil","rne":"","residente":"","capacidadeCivil":"Capaz","indisponibilidade":false},"vinculo":"Credor","fracao":21.49036407470703},{"parte":{"ni":"00000000000010","nome":"Nome Pessoa 00000000000010","endereco":{"tipo":"Beco","titulo":"Rua","nome":"Nome 232","numero":"232 A","complemento1":"complemento1 1503925267705","complemento2":"complemento2 1503925267705","bairro":"Bairro 6","cidade":"Cidade 6","uf":"PR","cep":"00360925","latitude":"00962369","longitude":"00064126"},"infoContato":[{"tipo":"Celular","contato":"00734211"},{"tipo":"E-mail","contato":"e-mail00734211@qualquer.com"}],"docIdentidade":[{"tipo":"CNH","numIdentidade":"000000257948912","orgaoEmissor":"OEDOCID1","dataEmissao":"28/08/17 10:01"},{"tipo":"CRO","numIdentidade":"000000825624058","orgaoEmissor":"OEDOCID2","dataEmissao":"28/08/17 10:01"}],"dataNascimento":"28/08/17 10:01","dataCasamento":"28/08/17 10:01","anteriorLei6515":true,"dataObito":"28/08/17 10:01","estadoCivil":"SOLTEIRO","regimeBens":"Separação Total de Bens","cpfConjuge":"","nomeConjuge":"","nacionalidade":"Naturalizado","pais":"Brasil","rne":"","residente":"","capacidadeCivil":"Capaz","indisponibilidade":false},"vinculo":"Remetente","fracao":73.93049621582031},{"parte":{"ni":"00000000000001","nome":"Nome Pessoa 00000000000001","endereco":{"tipo":"Avenida","titulo":"Avenida","nome":"Nome 143","numero":"143 A","complemento1":"complemento1 1503925267706","complemento2":"complemento2 1503925267706","bairro":"Bairro 2","cidade":"Cidade 2","uf":"MG","cep":"00876972","latitude":"00041830","longitude":"00262725"},"infoContato":[{"tipo":"Celular","contato":"00181373"},{"tipo":"E-mail","contato":"e-mail00181373@qualquer.com"}],"docIdentidade":[{"tipo":"Passaporte","numIdentidade":"000000003092824","orgaoEmissor":"OEDOCID1","dataEmissao":"28/08/17 10:01"},{"tipo":"RG","numIdentidade":"000000414155871","orgaoEmissor":"OEDOCID2","dataEmissao":"28/08/17 10:01"}],"dataNascimento":"28/08/17 10:01","dataCasamento":"28/08/17 10:01","anteriorLei6515":true,"dataObito":"28/08/17 10:01","estadoCivil":"DIVORCIADO","regimeBens":"Comunhão Universal de Bens","cpfConjuge":"","nomeConjuge":"","nacionalidade":"Brasileiro","pais":"Brasil","rne":"","residente":"","capacidadeCivil":"Capaz","indisponibilidade":false},"vinculo":"Credor","fracao":56.05652618408203}],"designacaoCadastral":[{"tipo":"tipo 07","numero":"numero 1503925267697","descricao":"Descricao 1503925267697"},{"tipo":"tipo 08","numero":"numero 1503925267697","descricao":"Descricao 1503925267697"}],"valor":"R$ 16632.83"},{"valorGarantido":"R$ 40054.504"}],"termoFinalGarantia":"28/08/17 10:01"},{"naturezaGarantia":"Leasing","descricaoGarantia":"Descrição da Garantia 2 1503925267697","bensDireitos":[{"tipo":"Obra de Arte","descricao":"Descrição do Bem 1 - 1503925267707","titulares":[{"parte":{"ni":"00000000000013","nome":"Nome Pessoa 00000000000013","endereco":{"tipo":"Avenida","titulo":"Avenida","nome":"Nome 286","numero":"286 A","complemento1":"complemento1 1503925267707","complemento2":"complemento2 1503925267707","bairro":"Bairro 0","cidade":"Cidade 0","uf":"RN","cep":"00815598","latitude":"00189229","longitude":"00014433"},"infoContato":[{"tipo":"Celular","contato":"00965719"},{"tipo":"E-mail","contato":"e-mail00965719@qualquer.com"}],"docIdentidade":[{"tipo":"RG","numIdentidade":"000000539788800","orgaoEmissor":"OEDOCID1","dataEmissao":"28/08/17 10:01"},{"tipo":"OAB","numIdentidade":"000000940818579","orgaoEmissor":"OEDOCID2","dataEmissao":"28/08/17 10:01"}],"dataNascimento":"28/08/17 10:01","dataCasamento":"28/08/17 10:01","anteriorLei6515":true,"dataObito":"28/08/17 10:01","estadoCivil":"SEPARADO","regimeBens":"Comunhão Universal de Bens","cpfConjuge":"","nomeConjuge":"","nacionalidade":"Brasileiro","pais":"Brasil","rne":"","residente":"","capacidadeCivil":"Capaz","indisponibilidade":false},"vinculo":"Testemunha","fracao":39.293861389160156},{"parte":{"ni":"00000000000007","nome":"Nome Pessoa 00000000000007","endereco":{"tipo":"Avenida","titulo":"Avenida","nome":"Nome 64","numero":"64 A","complemento1":"complemento1 1503925267708","complemento2":"complemento2 1503925267708","bairro":"Bairro 7","cidade":"Cidade 7","uf":"BA","cep":"00258258","latitude":"00860461","longitude":"00200475"},"infoContato":[{"tipo":"Celular","contato":"00947722"},{"tipo":"E-mail","contato":"e-mail00947722@qualquer.com"}],"docIdentidade":[{"tipo":"OAB","numIdentidade":"000000101201773","orgaoEmissor":"OEDOCID1","dataEmissao":"28/08/17 10:01"},{"tipo":"CRO","numIdentidade":"000000907165070","orgaoEmissor":"OEDOCID2","dataEmissao":"28/08/17 10:01"}],"dataNascimento":"28/08/17 10:01","dataCasamento":"28/08/17 10:01","anteriorLei6515":true,"dataObito":"28/08/17 10:01","estadoCivil":"SOLTEIRO","regimeBens":"Separação Total de Bens","cpfConjuge":"","nomeConjuge":"","nacionalidade":"Brasileiro","pais":"Brasil","rne":"","residente":"","capacidadeCivil":"Capaz","indisponibilidade":false},"vinculo":"Credor","fracao":33.637237548828125},{"parte":{"ni":"00000000000009","nome":"Nome Pessoa 00000000000009","endereco":{"tipo":"Rua","titulo":"Avenida","nome":"Nome 905","numero":"905 A","complemento1":"complemento1 1503925267709","complemento2":"complemento2 1503925267709","bairro":"Bairro 8","cidade":"Cidade 8","uf":"SE","cep":"00566843","latitude":"00782952","longitude":"00058869"},"infoContato":[{"tipo":"Celular","contato":"00729045"},{"tipo":"E-mail","contato":"e-mail00729045@qualquer.com"}],"docIdentidade":[{"tipo":"RG","numIdentidade":"000000556997492","orgaoEmissor":"OEDOCID1","dataEmissao":"28/08/17 10:01"},{"tipo":"CNH","numIdentidade":"000000864502173","orgaoEmissor":"OEDOCID2","dataEmissao":"28/08/17 10:01"}],"dataNascimento":"28/08/17 10:01","dataCasamento":"28/08/17 10:01","anteriorLei6515":true,"dataObito":"28/08/17 10:01","estadoCivil":"SEPARADO","regimeBens":"Comunhão Universal de Bens","cpfConjuge":"","nomeConjuge":"","nacionalidade":"Brasileiro","pais":"Brasil","rne":"","residente":"","capacidadeCivil":"Capaz","indisponibilidade":false},"vinculo":"Credor","fracao":62.919769287109375},{"parte":{"ni":"00000000000002","nome":"Nome Pessoa 00000000000002","endereco":{"tipo":"Beco","titulo":"Avenida","nome":"Nome 520","numero":"520 A","complemento1":"complemento1 1503925267709","complemento2":"complemento2 1503925267709","bairro":"Bairro 5","cidade":"Cidade 5","uf":"MS","cep":"00077918","latitude":"00893050","longitude":"00977528"},"infoContato":[{"tipo":"Celular","contato":"00481297"},{"tipo":"E-mail","contato":"e-mail00481297@qualquer.com"}],"docIdentidade":[{"tipo":"CREA","numIdentidade":"000000086731510","orgaoEmissor":"OEDOCID1","dataEmissao":"28/08/17 10:01"},{"tipo":"CNH","numIdentidade":"000000184982313","orgaoEmissor":"OEDOCID2","dataEmissao":"28/08/17 10:01"}],"dataNascimento":"28/08/17 10:01","dataCasamento":"28/08/17 10:01","anteriorLei6515":true,"dataObito":"28/08/17 10:01","estadoCivil":"CASADO","regimeBens":"Comunhão Universal de Bens","cpfConjuge":"","nomeConjuge":"","nacionalidade":"Brasileiro","pais":"Brasil","rne":"","residente":"","capacidadeCivil":"Capaz","indisponibilidade":false},"vinculo":"Credor","fracao":76.38068389892578},{"parte":{"ni":"00000000000003","nome":"Nome Pessoa 00000000000003","endereco":{"tipo":"Rua","titulo":"Avenida","nome":"Nome 543","numero":"543 A","complemento1":"complemento1 1503925267710","complemento2":"complemento2 1503925267710","bairro":"Bairro 3","cidade":"Cidade 3","uf":"PR","cep":"00700142","latitude":"00039776","longitude":"00625516"},"infoContato":[{"tipo":"Celular","contato":"00319677"},{"tipo":"E-mail","contato":"e-mail00319677@qualquer.com"}],"docIdentidade":[{"tipo":"CREA","numIdentidade":"000000535371441","orgaoEmissor":"OEDOCID1","dataEmissao":"28/08/17 10:01"},{"tipo":"CRO","numIdentidade":"000000201081070","orgaoEmissor":"OEDOCID2","dataEmissao":"28/08/17 10:01"}],"dataNascimento":"28/08/17 10:01","dataCasamento":"28/08/17 10:01","anteriorLei6515":true,"dataObito":"28/08/17 10:01","estadoCivil":"CASADO","regimeBens":"Comunhão Universal de Bens","cpfConjuge":"","nomeConjuge":"","nacionalidade":"Naturalizado","pais":"Brasil","rne":"","residente":"","capacidadeCivil":"Capaz","indisponibilidade":false},"vinculo":"Mandatário","fracao":24.13048553466797}],"designacaoCadastral":[{"tipo":"tipo 03","numero":"numero 1503925267707","descricao":"Descricao 1503925267707"},{"tipo":"tipo 04","numero":"numero 1503925267707","descricao":"Descricao 1503925267707"}],"valor":"R$ 3644.127"},{"tipo":"Animal de raça","descricao":"Descrição do Bem 2 - 1503925267707","titulares":[{"parte":{"ni":"00000000000006","nome":"Nome Pessoa 00000000000006","endereco":{"tipo":"Praça","titulo":"Rua","nome":"Nome 17","numero":"17 A","complemento1":"complemento1 1503925267711","complemento2":"complemento2 1503925267711","bairro":"Bairro 2","cidade":"Cidade 2","uf":"PI","cep":"00795672","latitude":"00368435","longitude":"00218035"},"infoContato":[{"tipo":"Celular","contato":"00398869"},{"tipo":"E-mail","contato":"e-mail00398869@qualquer.com"}],"docIdentidade":[{"tipo":"Passaporte","numIdentidade":"000000224594628","orgaoEmissor":"OEDOCID1","dataEmissao":"28/08/17 10:01"},{"tipo":"CREA","numIdentidade":"000000342861787","orgaoEmissor":"OEDOCID2","dataEmissao":"28/08/17 10:01"}],"dataNascimento":"28/08/17 10:01","dataCasamento":"28/08/17 10:01","anteriorLei6515":true,"dataObito":"28/08/17 10:01","estadoCivil":"DIVORCIADO","regimeBens":"Separação Total de Bens","cpfConjuge":"","nomeConjuge":"","nacionalidade":"Brasileiro","pais":"Brasil","rne":"","residente":"","capacidadeCivil":"Capaz","indisponibilidade":false},"vinculo":"Arrendatário","fracao":18.50107765197754},{"parte":{"ni":"00000000000013","nome":"Nome Pessoa 00000000000013","endereco":{"tipo":"Beco","titulo":"Rua","nome":"Nome 375","numero":"375 A","complemento1":"complemento1 1503925267711","complemento2":"complemento2 1503925267711","bairro":"Bairro 6","cidade":"Cidade 6","uf":"SE","cep":"00058647","latitude":"00758605","longitude":"00452723"},"infoContato":[{"tipo":"Celular","contato":"00839656"},{"tipo":"E-mail","contato":"e-mail00839656@qualquer.com"}],"docIdentidade":[{"tipo":"CRO","numIdentidade":"000000649456899","orgaoEmissor":"OEDOCID1","dataEmissao":"28/08/17 10:01"},{"tipo":"CNH","numIdentidade":"000000324237745","orgaoEmissor":"OEDOCID2","dataEmissao":"28/08/17 10:01"}],"dataNascimento":"28/08/17 10:01","dataCasamento":"28/08/17 10:01","anteriorLei6515":true,"dataObito":"28/08/17 10:01","estadoCivil":"CASADO","regimeBens":"Separação Total de Bens","cpfConjuge":"","nomeConjuge":"","nacionalidade":"Naturalizado","pais":"Brasil","rne":"","residente":"","capacidadeCivil":"Capaz","indisponibilidade":false},"vinculo":"Proprietário","fracao":34.183048248291016}],"designacaoCadastral":[{"tipo":"tipo 07","numero":"numero 1503925267707","descricao":"Descricao 1503925267707"},{"tipo":"tipo 08","numero":"numero 1503925267707","descricao":"Descricao 1503925267707"}],"valor":"R$ 64616.82"},{"valorGarantido":"R$ 45348.254"}],"termoFinalGarantia":"28/08/17 10:01"}],"obsRegsitro":"Texto da Observação  - 00001R20171A000550451","indRetificacao":false}
