<?xml version="1.0" encoding="UTF-8"?>
<beans xmlns="http://www.springframework.org/schema/beans"
	xmlns:xsi="http://www.w3.org/2001/XMLSchema-instance"
	xsi:schemaLocation="http://www.springframework.org/schema/beans http://www.springframework.org/schema/beans/spring-beans.xsd">

	<bean id="placeholderProperties"
		class="org.springframework.beans.factory.config.PropertyPlaceholderConfigurer">
		<property name="locations">
			<list>
				<value>classpath:/org/springframework/batch/admin/bootstrap/batch.properties</value>
				<value>classpath:batch-default.properties</value>
				<value>file:${infra.config.dir}/infra-batch.properties</value>
			</list>
		</property>
		<property name="systemPropertiesModeName" value="SYSTEM_PROPERTIES_MODE_OVERRIDE" />
		<property name="ignoreResourceNotFound" value="true" />
		<property name="ignoreUnresolvablePlaceholders" value="false" />
		<property name="order" value="1" />
	</bean>
	
	<bean id="batch_jdbc_url"
		class="org.springframework.batch.support.SystemPropertyInitializer" depends-on="placeholderProperties">		
		<property name="defaultValue" value="${batch.jdbc.url}" />
		<property name="keyName" value="batch.jdbc.url" />
	</bean>
</beans>