<beans:beans xmlns="http://www.springframework.org/schema/batch"
	xmlns:beans="http://www.springframework.org/schema/beans" xmlns:xsi="http://www.w3.org/2001/XMLSchema-instance"
	xsi:schemaLocation="
           http://www.springframework.org/schema/beans
           http://www.springframework.org/schema/beans/spring-beans.xsd
           http://www.springframework.org/schema/batch
           http://www.springframework.org/schema/batch/spring-batch-3.0.xsd">

	<job id="job">
		<step id="step1" next="step2">
			<tasklet ref="tasklet1" />
		</step>
		<step id="step2" next="step3">
			<tasklet ref="tasklet2" />
		</step>

		<step id="step3" next="step4">
			<tasklet ref="tasklet1" />
		</step>

		<step id="step4">
			<tasklet ref="tasklet2" />
		</step>
	</job>

	<!-- Abstract Parent Bean -->
	<beans:bean id="parentBean" abstract="true">
		<beans:property name="folder" value="${folder}" />
		<beans:property name="fileName"
			value="#{jobParameters['input.file.name']}" />
	</beans:bean>

	<!-- Tasklet for Ste -->
	<beans:bean id="tasklet1" scope="step"
		class="com.javasampleapproach.joblatebinding.tasklet.Tasklet1" parent="parentBean" />

	<beans:bean id="tasklet2" scope="job"
		class="com.javasampleapproach.joblatebinding.tasklet.Tasklet2" parent="parentBean" />

	<beans:bean class="org.springframework.batch.core.scope.StepScope" />
	<beans:bean class="org.springframework.batch.core.scope.JobScope" />

</beans:beans>