<?xml version="1.0" encoding="UTF-8"?>
<beans:beans xmlns:beans="http://www.springframework.org/schema/beans"
	xmlns:aop="http://www.springframework.org/schema/aop" xmlns:tx="http://www.springframework.org/schema/tx"
	xmlns:batch="http://www.springframework.org/schema/batch" xmlns:jdbc="http://www.springframework.org/schema/jdbc"
	xmlns:p="http://www.springframework.org/schema/p" xmlns:int-jms="http://www.springframework.org/schema/integration/jms"
	xmlns:int="http://www.springframework.org/schema/integration"
	xmlns:jms="http://www.springframework.org/schema/jms" xmlns:xsi="http://www.w3.org/2001/XMLSchema-instance"
	xsi:schemaLocation="http://www.springframework.org/schema/beans http://www.springframework.org/schema/beans/spring-beans-4.2.xsd
		http://www.springframework.org/schema/aop http://www.springframework.org/schema/aop/spring-aop-4.2.xsd
		http://www.springframework.org/schema/tx http://www.springframework.org/schema/tx/spring-tx-4.2.xsd
		http://www.springframework.org/schema/jdbc http://www.springframework.org/schema/jdbc/spring-jdbc-4.2.xsd
		http://www.springframework.org/schema/batch http://www.springframework.org/schema/batch/spring-batch-3.0.xsd
		http://www.springframework.org/schema/integration/jms http://www.springframework.org/schema/integration/jms/spring-integration-jms-4.2.xsd
		http://www.springframework.org/schema/integration http://www.springframework.org/schema/integration/spring-integration-4.2.xsd
		http://www.springframework.org/schema/jms http://www.springframework.org/schema/jms/spring-jms-4.2.xsd">

	<beans:bean name="jmsConnectionFactory"
		class="org.hornetq.jms.client.HornetQJMSConnectionFactory">
		<beans:constructor-arg type="boolean" value="false" />
		<beans:constructor-arg>
			<beans:bean class="org.hornetq.api.core.TransportConfiguration">
				<beans:constructor-arg
					value="org.hornetq.core.remoting.impl.netty.NettyConnectorFactory" />
				<beans:constructor-arg>
					<beans:map key-type="java.lang.String" value-type="java.lang.Object">
						<beans:entry key="host" value="${infra.jms.host}" />
						<beans:entry key="port" value="${infra.jms.port}" />
					</beans:map>
				</beans:constructor-arg>
			</beans:bean>
		</beans:constructor-arg>
	</beans:bean>

</beans:beans>