<beans xmlns="http://www.springframework.org/schema/beans"
	xmlns:xsi="http://www.w3.org/2001/XMLSchema-instance"
	xmlns:jdbc="http://www.springframework.org/schema/jdbc"
	xmlns:tx="http://www.springframework.org/schema/tx"
	xsi:schemaLocation="
		http://www.springframework.org/schema/beans http://www.springframework.org/schema/beans/spring-beans-3.2.xsd
		http://www.springframework.org/schema/jdbc http://www.springframework.org/schema/jdbc/spring-jdbc-3.0.xsd
		http://www.springframework.org/schema/tx http://www.springframework.org/schema/tx/spring-tx-3.0.xsd">


	<bean id="jobRepository"
        class="org.springframework.batch.core.repository.support.JobRepositoryFactoryBean">
	    <property name="databaseType" value="hsql" /> 
	    <property name="dataSource" ref="datasource" />
	    <property name="transactionManager" ref="transactionManager" />
  </bean>
 	
	<bean id="transactionManager"
		class="org.springframework.jdbc.datasource.DataSourceTransactionManager" >
		<property name="dataSource"><ref bean="datasource" /></property>
	</bean>
	 
	<bean id="jobLauncher"
		class="org.springframework.batch.core.launch.support.SimpleJobLauncher">
		<property name="jobRepository" ref="jobRepository" />
	</bean>
	
	<jdbc:embedded-database id="datasource" type="HSQL" >
		<jdbc:script location="classpath:org/springframework/batch/core/schema-hsqldb.sql" />
		<jdbc:script location="classpath:db/sql/create-table.sql" />
	</jdbc:embedded-database>
	

</beans>
