1,Sharon,Iran,28/06/1993,Quisque Consulting,Quality Assurance
2,Xaviera,Costa Rica,15/06/1993,Magna Sed PC,Public Relations
3,Kimberly,Pakistan,27/02/1986,Et Risus Associates,Tech Support
4,Veronica,Cape Verde,02/11/2013,Lacus Ut Corporation,Human Resources
5,Tara,Georgia,08/08/1984,Nullam Enim Sed Incorporated,Customer Relations
6,Davis,Uganda,28/03/2004,Aliquet Consulting,Sales and Marketing
7,Palmer,Macao,21/04/1991,Sit Amet Corporation,Customer Relations
8,Chelsea,United States,29/01/2005,Morbi Non Company,Customer Relations
9,Phelan,Bosnia and Herzegovina,07/10/1964,Quisque Consulting,Tech Support
10,Tara,Paraguay,16/03/1993,Sem Elit Pharetra Company,Legal Department
11,Hyatt,Nepal,29/11/1965,Nulla Facilisi Institute,Customer Relations
12,Amal,Saint Kitts and Nevis,05/02/2015,Facilisis Magna PC,Sales and Marketing
13,Delilah,Greenland,05/01/1993,Tellus Suspendisse Sed Ltd,Legal Department
14,Ainsley,Cayman Islands,21/11/2012,A Tortor Corp.,Customer Relations
15,Kelsey,New Zealand,02/05/1995,Ac Corporation,Sales and Marketing
16,Quemby,Nicaragua,05/05/2013,Adipiscing Non Institute,Finances
17,Hadley,Croatia,19/03/1961,Lectus Company,Public Relations
18,Nelle,"Korea, North",09/12/2011,Hendrerit Limited,Public Relations
19,Erin,Antigua and Barbuda,05/09/2012,Sit Amet Risus Incorporated,Research and Development
20,Farrah,Gambia,03/01/1963,Facilisis Vitae Orci Limited,Legal Department
21,Tanisha,Lesotho,12/08/1990,In Foundation,Public Relations
22,Kasper,Morocco,20/11/1994,Elementum Limited,Customer Relations
23,Ann,Tokelau,28/02/1997,Convallis Consulting,Finances
24,Unity,Viet Nam,13/05/1961,Venenatis Institute,Finances
25,Beatrice,Somalia,06/02/2014,Aliquet Inc.,Finances
26,Felix,Timor-Leste,03/10/1972,Id Sapien Cras LLP,Research and Development
27,Hyatt,Malawi,02/06/1986,Nibh LLP,Legal Department
28,Kane,Chad,12/10/2006,Lectus Inc.,Tech Support
29,Dominic,Montenegro,15/05/2009,Erat Vivamus Nisi Inc.,Public Relations
30,Naida,Qatar,16/10/2014,Ullamcorper Magna Sed Limited,Sales and Marketing
31,Abel,Guam,27/10/1995,Pede Et Risus Inc.,Sales and Marketing
32,Kamal,Cambodia,18/07/1980,Mollis Corporation,Sales and Marketing
33,Lois,Estonia,04/10/2005,Laoreet Libero Et LLP,Public Relations
34,Emerson,Tonga,05/01/2014,Consectetuer Company,Public Relations
35,Dorothy,Mayotte,05/08/1980,Neque Nullam Associates,Finances
36,McKenzie,Switzerland,12/04/2003,Non Inc.,Research and Development
37,Michelle,Ecuador,02/09/2005,Pede Et Risus Ltd,Research and Development
38,Hedley,Curaçao,06/06/1994,Suspendisse Commodo Limited,Tech Support
39,Clark,El Salvador,01/07/1964,Euismod Institute,Finances
40,Derek,"Korea, North",24/01/1963,Amet Dapibus Limited,Finances
41,Xantha,Indonesia,12/12/1985,At Velit PC,Finances
42,Avram,Bermuda,02/04/1995,At LLP,Research and Development
43,Steel,Guatemala,08/07/1984,Ipsum Corp.,Research and Development
44,Desiree,Kuwait,28/05/2012,Urna Nunc Quis LLC,Customer Relations
45,Rama,Suriname,31/01/2008,A Ltd,Finances
46,Ulla,Botswana,02/06/1994,Urna Vivamus Molestie Corp.,Research and Development
47,Chiquita,Argentina,10/04/1992,Ac Mattis Ltd,Sales and Marketing
48,Zenaida,Kuwait,05/12/1994,Diam Nunc Corporation,Legal Department
49,Kasper,Latvia,22/10/1980,Donec Consulting,Customer Relations
50,Aiko,Egypt,29/12/1971,Integer Inc.,Research and Development
51,Walter,Anguilla,05/12/1995,Lobortis Company,Legal Department
52,Allen,Ghana,12/02/1986,Semper Nam Tempor Institute,Sales and Marketing
53,Guinevere,"Virgin Islands, United States",09/02/1999,Rutrum Magna Cras LLC,Sales and Marketing
54,Shellie,United Kingdom (Great Britain),12/09/1963,Enim Non Nisi Foundation,Legal Department
55,Jamal,Swaziland,14/05/1999,Magna Cras Convallis LLP,Public Relations
56,Hope,Turks and Caicos Islands,02/02/2011,Elit Industries,Research and Development
57,Griffin,Côte D'Ivoire (Ivory Coast),18/10/2005,Pretium Aliquet Industries,Sales and Marketing
58,Richard,Kiribati,01/11/1979,Non Luctus Ltd,Public Relations
59,Yetta,Estonia,01/08/2009,Arcu LLP,Sales and Marketing
60,Tobias,Mauritius,09/08/2002,Adipiscing Fringilla Porttitor Ltd,Quality Assurance
61,Maya,Syria,28/03/2015,Egestas Aliquam Incorporated,Sales and Marketing
62,Forrest,Grenada,07/08/1999,Erat Neque Non Associates,Tech Support
63,Kennan,Samoa,24/02/2000,Eu Limited,Public Relations
64,Hiroko,Tokelau,15/10/2004,Etiam Consulting,Public Relations
65,Kalia,United Arab Emirates,07/05/2010,Tellus Suspendisse Sed Industries,Public Relations
66,Imogene,Niue,09/08/2014,Aliquam Eu Corp.,Customer Relations
67,Nero,Reunion,21/02/1970,Eu Ligula Aenean Limited,Legal Department
68,Brandon,Kiribati,20/06/1968,Eros Nec PC,Sales and Marketing
69,Shaeleigh,Cyprus,18/03/1994,Vehicula Et Foundation,Finances
70,Grant,Zambia,09/08/1972,Pede Ac Consulting,Tech Support
71,Haley,Mali,20/08/2013,Phasellus Fermentum Limited,Legal Department
72,Emerson,Romania,22/10/1998,Est Mauris Eu Industries,Human Resources
73,Ian,Azerbaijan,10/09/2010,Ipsum Cursus Ltd,Human Resources
74,Renee,Myanmar,18/04/1981,Etiam Gravida Molestie Associates,Research and Development
75,Hope,Mayotte,13/12/1965,Et Libero PC,Finances
76,Solomon,Ethiopia,11/05/1980,Amet Faucibus Ut Inc.,Sales and Marketing
77,Jerome,Zimbabwe,09/03/1989,Nulla Dignissim Maecenas LLC,Research and Development
78,Vivien,Marshall Islands,31/10/2002,Lorem Foundation,Tech Support
79,Clark,Cape Verde,27/12/2005,Enim Corporation,Finances
80,Cassady,Niger,08/04/2004,Justo Sit Corp.,Quality Assurance
81,Gail,Serbia,10/09/2015,Velit Industries,Legal Department
82,Dawn,Sierra Leone,17/05/1963,Gravida LLC,Legal Department
83,Shay,Samoa,26/12/1968,Pellentesque Habitant Morbi PC,Customer Relations
84,Shelby,Tonga,17/09/1992,Velit Aliquam Nisl Ltd,Quality Assurance
85,Berk,Syria,26/06/1962,Nulla LLC,Finances
86,Desiree,Cook Islands,16/10/1965,Felis Purus Ac LLC,Legal Department
87,Lewis,Mexico,07/07/1985,In Incorporated,Public Relations
88,Faith,Italy,06/11/2013,Augue Eu PC,Legal Department
89,Patricia,"Congo, the Democratic Republic of the",07/09/1990,Tempus Scelerisque Limited,Customer Relations
90,Alden,Eritrea,15/09/1975,Vulputate PC,Legal Department
91,Baxter,Nepal,16/11/2010,Nunc Company,Human Resources
92,Inez,Namibia,16/12/1977,Duis A Mi Corporation,Public Relations
93,Melodie,Solomon Islands,14/12/1989,Sed Dolor Fusce Institute,Tech Support
94,Damon,Kazakhstan,24/05/2012,Cursus Et Corp.,Human Resources
95,Madaline,Iceland,19/10/2005,Sit LLC,Quality Assurance
96,Hayes,Slovakia,26/11/1976,Nulla Inc.,Customer Relations
97,Gary,Venezuela,24/05/1991,Aliquet Phasellus Foundation,Legal Department
98,Noelle,Vanuatu,02/04/2004,Sagittis Associates,Tech Support
99,Iola,Bermuda,23/07/1996,Varius Orci In Inc.,Legal Department
100,Cadman,Morocco,05/12/1967,Sed Inc.,Public Relations
101,Petra,Iceland,03/07/1989,Tincidunt Neque Corp.,Public Relations
102,Amity,New Caledonia,03/02/2013,Laoreet Ipsum Curabitur Limited,Human Resources
103,Minerva,Belize,03/01/1962,Leo Vivamus Nibh Incorporated,Sales and Marketing
104,Fritz,China,27/05/2010,Nulla In Tincidunt Inc.,Research and Development
105,Jerome,Cambodia,04/11/1998,Integer Eu Industries,Legal Department
106,Oren,Myanmar,23/12/1979,Malesuada Incorporated,Quality Assurance
107,Zahir,Svalbard and Jan Mayen Islands,10/10/2006,Eleifend Inc.,Research and Development
108,Ava,Hong Kong,07/09/1997,Ac Sem Ut PC,Sales and Marketing
109,Cassidy,Panama,29/04/1982,Id Risus Quis Company,Finances
110,Sierra,Israel,04/10/2013,Blandit Viverra Corporation,Legal Department
111,Hayley,Turkey,29/08/2014,Phasellus Nulla LLC,Legal Department
112,Andrew,Argentina,25/01/1971,Quisque Ornare Tortor Inc.,Legal Department
113,Blake,Ethiopia,22/07/1965,Luctus Et LLP,Research and Development
114,Tucker,Ireland,14/01/1967,Sed Institute,Human Resources
115,Forrest,Montserrat,11/08/1993,Molestie Ltd,Research and Development
116,Hilary,Western Sahara,04/08/1962,Phasellus Incorporated,Human Resources
117,Georgia,Iraq,20/03/1970,Sollicitudin Corp.,Customer Relations
118,Jolie,Moldova,23/08/2007,Adipiscing Lacus Ut Company,Human Resources
119,Guy,Seychelles,20/02/2005,Amet Metus Limited,Human Resources
120,Caryn,Viet Nam,17/05/1984,Tempor Augue Institute,Tech Support
121,Bernard,Slovakia,31/12/1997,Phasellus Vitae Consulting,Public Relations
122,Brynn,Belgium,30/08/1989,Lobortis Nisi Associates,Quality Assurance
123,Jaquelyn,Argentina,19/02/2014,In Limited,Legal Department
124,Henry,Australia,16/03/2003,Nunc Sed Corp.,Sales and Marketing
125,Ora,Tuvalu,12/05/2015,Viverra Maecenas LLP,Research and Development
126,Blair,Spain,12/08/1981,Accumsan Corp.,Customer Relations
127,Austin,Martinique,19/12/1992,Ornare Lectus Industries,Finances
128,Felicia,Reunion,31/01/1962,Ut Semper Pretium Limited,Public Relations
129,Rahim,Greenland,10/11/1998,Nonummy Ipsum Non Foundation,Sales and Marketing
130,Hasad,Ethiopia,27/12/1964,Pellentesque LLC,Research and Development
131,Jennifer,American Samoa,20/12/1968,Ut Ltd,Public Relations
132,Teagan,Sint Maarten,24/03/2010,Mauris Incorporated,Legal Department
133,Shea,Belgium,02/02/2006,Fusce Diam Consulting,Quality Assurance
134,Jerry,Malawi,20/02/1979,Non Corp.,Tech Support
135,Dominique,Suriname,03/04/1989,Mi LLC,Public Relations
136,Debra,Kiribati,19/02/2013,Duis PC,Legal Department
137,Cadman,Gabon,13/10/1966,Ipsum Foundation,Legal Department
138,Leila,Malta,29/10/2004,Penatibus Et Magnis Inc.,Sales and Marketing
139,Kaye,"Virgin Islands, United States",26/06/1984,Egestas Lacinia Associates,Tech Support
140,Zahir,Turkey,06/03/1977,Id PC,Quality Assurance
141,Ebony,Lebanon,03/05/1965,Risus A Ultricies Foundation,Research and Development
142,Mariam,Cuba,21/12/2013,Mollis Dui In Corporation,Public Relations
143,Ross,Azerbaijan,24/03/1967,Ipsum Company,Tech Support
144,Kyra,"Bonaire, Sint Eustatius and Saba",22/02/1967,Nullam Velit Dui PC,Legal Department
145,Emily,New Caledonia,31/01/1989,Nisi Sem Ltd,Tech Support
146,Clarke,American Samoa,07/01/1969,Risus Quisque LLC,Human Resources
147,Carly,Tunisia,24/10/1997,Magna Incorporated,Tech Support
148,Libby,Mauritius,21/07/1979,Fringilla Euismod Corporation,Human Resources
149,Hollee,French Southern Territories,29/05/2005,Libero PC,Tech Support
150,Kirsten,Egypt,26/01/1965,Donec Dignissim Consulting,Tech Support
151,Rhiannon,Kenya,05/09/1962,Sem Ut Industries,Customer Relations
152,Geraldine,Saint Lucia,12/04/1977,Pharetra Ut Foundation,Tech Support
153,Athena,Benin,02/12/1982,Nisi Magna Sed Consulting,Customer Relations
154,Linus,Syria,23/09/1971,Nec Corp.,Tech Support
155,Erasmus,South Africa,19/06/1964,Morbi Foundation,Public Relations
156,Emmanuel,Qatar,07/04/1974,Orci Adipiscing Corp.,Quality Assurance
157,Zoe,Guernsey,21/05/1964,Nullam Velit Ltd,Tech Support
158,Melyssa,Turks and Caicos Islands,24/04/1999,Sem Inc.,Legal Department
159,Cain,Gambia,30/01/1987,Non Ltd,Quality Assurance
160,Aidan,Turkey,14/02/2002,Placerat Velit Foundation,Quality Assurance
161,Malik,Viet Nam,28/10/1972,Quam Pellentesque Habitant Corp.,Tech Support
162,Haviva,Ukraine,22/06/1991,Vel Faucibus LLC,Tech Support
163,Darryl,South Sudan,09/11/1972,Consequat Enim LLP,Research and Development
164,Candace,Czech Republic,18/03/1985,Erat Sed Foundation,Research and Development
165,Dorian,Armenia,17/11/1976,Adipiscing Lobortis Risus Corporation,Sales and Marketing
166,Malcolm,Cyprus,18/01/1966,Nulla Cras Foundation,Tech Support
167,Nelle,Côte D'Ivoire (Ivory Coast),25/11/1961,Risus PC,Finances
168,Allegra,Nigeria,16/06/1984,Curabitur Corporation,Finances
169,Carter,Turks and Caicos Islands,18/11/1992,In Cursus Ltd,Research and Development
170,Regina,South Africa,23/10/1967,Diam Pellentesque Incorporated,Customer Relations
171,Quinn,Curaçao,11/08/1975,Pharetra Industries,Public Relations
172,Jordan,Jersey,21/06/1987,Cum Sociis Natoque LLC,Sales and Marketing
173,Caldwell,Australia,11/03/1981,Rutrum Justo Praesent Corp.,Legal Department
174,Harding,Sierra Leone,06/12/1995,Vel Quam Dignissim Inc.,Finances
175,Amery,Guernsey,21/12/1984,Aenean Eget Company,Sales and Marketing
176,Channing,Maldives,04/02/1991,Eu Foundation,Legal Department
177,Jaden,Senegal,21/11/1998,Suspendisse LLP,Public Relations
178,Octavius,Solomon Islands,22/12/1960,Praesent Luctus Curabitur Foundation,Customer Relations
179,Kyla,Bouvet Island,26/11/1981,Pharetra Sed PC,Sales and Marketing
180,Aileen,Luxembourg,29/05/1987,Proin Ltd,Sales and Marketing
181,Beck,French Polynesia,01/07/2013,Dolor Sit Amet LLC,Public Relations
182,Gage,Bahamas,31/12/2005,Felis Orci Adipiscing Inc.,Legal Department
183,Janna,Lesotho,06/07/1977,Adipiscing Incorporated,Tech Support
184,Jonah,Belize,03/06/1963,Nunc Ullamcorper Velit LLC,Quality Assurance
185,Thaddeus,Cameroon,13/08/1986,Nulla Tincidunt Neque Corporation,Legal Department
186,Kyra,Japan,15/10/1972,Fringilla Cursus Purus Associates,Research and Development
187,Judah,Tanzania,07/10/1987,Ligula Nullam Enim LLP,Tech Support
188,Kiara,Kazakhstan,20/02/1968,Laoreet Libero Et Incorporated,Legal Department
189,Deirdre,Guinea,16/07/2008,Nam Corp.,Public Relations
190,Akeem,Heard Island and Mcdonald Islands,16/11/1974,Lorem Sit Amet Institute,Customer Relations
191,Blossom,Nauru,15/09/1967,Sed Facilisis Vitae Foundation,Sales and Marketing
192,Drew,Bahrain,06/06/2004,Magnis Inc.,Sales and Marketing
193,Winter,Saint Lucia,30/04/2006,Tempor Company,Finances
194,Quail,Saint Pierre and Miquelon,22/03/2014,Fringilla Porttitor Vulputate Limited,Quality Assurance
195,Karina,Georgia,02/11/1968,Felis Nulla Tempor LLP,Tech Support
196,Cheyenne,"Korea, South",26/07/1986,Curabitur Dictum Phasellus Industries,Quality Assurance
197,Dora,Lithuania,15/08/1978,Suspendisse Sagittis LLC,Tech Support
198,Fritz,Falkland Islands,15/03/1983,Et Magnis LLP,Tech Support
199,Murphy,Austria,10/05/1988,Ac Libero Nec Limited,Customer Relations
200,Hunter,Croatia,21/06/1988,Et Arcu Imperdiet PC,Tech Support
201,Tatiana,Honduras,21/10/1987,Auctor Velit Consulting,Finances
202,Vaughan,Ecuador,23/12/1992,Lacinia Foundation,Research and Development
203,Herman,Iceland,30/09/1989,Luctus Inc.,Tech Support
204,Octavius,Heard Island and Mcdonald Islands,09/02/1968,Augue Industries,Tech Support
205,Montana,Timor-Leste,23/06/2010,Est Nunc Ullamcorper Inc.,Quality Assurance
206,Autumn,Germany,10/03/2015,Congue In Scelerisque PC,Legal Department
207,Sasha,Western Sahara,14/12/1963,Et Magnis Dis Incorporated,Quality Assurance
208,Britanni,"Congo, the Democratic Republic of the",17/02/1998,Proin Non Massa LLP,Quality Assurance
209,Rhoda,Cambodia,04/05/1978,Urna Vivamus Molestie Incorporated,Quality Assurance
210,Maile,Paraguay,09/11/1977,Nulla LLC,Finances
211,Brian,Saint Martin,10/05/1984,Consectetuer Ipsum Nunc LLP,Sales and Marketing
212,Cheryl,South Georgia and The South Sandwich Islands,22/03/1988,Quis Foundation,Legal Department
213,Velma,Gambia,29/08/2001,Velit Ltd,Legal Department
214,Jeremy,Bosnia and Herzegovina,02/12/1970,Ut Pellentesque Eget Limited,Research and Development
215,Nayda,Gibraltar,12/10/2003,Non Cursus Non LLC,Customer Relations
216,Olivia,Indonesia,12/05/1963,Urna Incorporated,Quality Assurance
217,Raven,Laos,27/11/2005,Nulla Aliquet Company,Public Relations
218,Salvador,Nauru,07/06/1979,Vitae Sodales Nisi LLP,Public Relations
219,Lavinia,United Arab Emirates,07/11/1987,At Fringilla Consulting,Quality Assurance
220,Charde,Libya,26/05/2011,Hendrerit Consectetuer Cursus Industries,Research and Development
221,Destiny,Timor-Leste,28/01/2007,Praesent Interdum Ligula Institute,Legal Department
222,Belle,Lithuania,16/12/1996,Non Enim PC,Research and Development
223,Preston,Iran,16/06/1985,Gravida LLC,Research and Development
224,Christen,Côte D'Ivoire (Ivory Coast),18/05/1983,Proin Institute,Legal Department
225,Adena,Montserrat,12/08/1997,Lorem Ipsum Sodales Incorporated,Finances
226,Clayton,Haiti,14/08/2014,Aliquam Associates,Tech Support
227,Clark,"Korea, South",10/11/2008,Pede Ultrices A Corp.,Finances
228,Laurel,Bahrain,03/05/1977,Scelerisque Neque Limited,Tech Support
229,Slade,Guyana,11/08/1965,Enim Nec Consulting,Public Relations
230,Basia,Palau,09/08/2006,Mattis Ornare PC,Customer Relations
231,Althea,South Sudan,01/12/2007,Aliquam Nec Enim Foundation,Sales and Marketing
232,Plato,Mayotte,01/05/1983,Et Magna Corporation,Sales and Marketing
233,Gray,Bahamas,05/10/2002,Nulla Dignissim Maecenas Institute,Quality Assurance
234,Christine,United States Minor Outlying Islands,19/12/2006,Ipsum Dolor Sit Corp.,Research and Development
235,Kibo,"Virgin Islands, British",09/10/1995,Elit Incorporated,Public Relations
236,Hop,Mauritania,11/06/1967,Dui Nec Urna PC,Public Relations
237,Ashely,Tanzania,27/07/1983,In Lobortis Inc.,Public Relations
238,Anika,Belgium,30/08/2007,Ultricies Dignissim Lacus Corporation,Sales and Marketing
239,Quemby,Suriname,29/02/2012,Tincidunt Consulting,Human Resources
240,Tallulah,Tunisia,27/09/1996,Est Mollis Non Incorporated,Quality Assurance
241,Dana,Argentina,04/11/1984,Ac Mattis LLP,Finances
242,Jenette,Azerbaijan,27/05/1962,Placerat Company,Legal Department
243,Kylynn,Uganda,21/03/1965,Fames Ac Limited,Research and Development
244,Benjamin,Germany,15/07/2004,Semper Ltd,Finances
245,Samuel,Macedonia,05/12/1984,Donec Non Justo Corp.,Legal Department
246,Inez,Finland,13/01/1984,Sed Turpis Nec LLP,Customer Relations
247,Courtney,Brazil,27/11/2012,Nibh Ltd,Quality Assurance
248,Remedios,Puerto Rico,29/07/1990,Egestas Ligula Nullam Foundation,Public Relations
249,Travis,Montserrat,24/12/1970,Integer Tincidunt Ltd,Sales and Marketing
250,Madeline,Kenya,23/03/1990,Volutpat Nunc Sit Ltd,Research and Development
251,Angelica,Bosnia and Herzegovina,14/06/1976,Enim Consulting,Research and Development
252,Kadeem,Somalia,27/11/1978,Arcu Incorporated,Finances
253,Raphael,Gambia,05/09/1969,Dictum Foundation,Finances
254,Wayne,Togo,26/02/1991,Est Associates,Research and Development
255,Warren,Myanmar,27/11/1982,Iaculis Institute,Finances
256,Anne,Switzerland,12/10/1962,Malesuada Fringilla Foundation,Finances
257,Jerry,Sri Lanka,14/06/1981,Accumsan Interdum Libero Ltd,Sales and Marketing
258,Cameran,Macedonia,27/07/1992,Feugiat Placerat Company,Customer Relations
259,Walter,Andorra,27/05/1970,Convallis Dolor Industries,Sales and Marketing
260,Chadwick,Lithuania,19/06/2013,Viverra Maecenas Iaculis Consulting,Research and Development
261,Daryl,Malaysia,08/07/1992,Dolor Elit Pellentesque PC,Legal Department
262,Hadley,New Zealand,18/01/2016,In Dolor Fusce Associates,Research and Development
263,Lareina,Uruguay,21/06/2004,Tincidunt Vehicula Risus LLC,Customer Relations
264,Ina,Sao Tome and Principe,21/05/2002,Eget Laoreet Posuere Industries,Human Resources
265,Kelsey,Honduras,30/04/1966,Quisque Institute,Finances
266,Levi,Norfolk Island,23/05/1973,Magna Tellus Company,Customer Relations
267,Tashya,Kyrgyzstan,03/09/1982,Nulla Vulputate Corporation,Customer Relations
268,Winifred,Guyana,03/08/1983,Lacinia Foundation,Quality Assurance
269,Serena,Qatar,04/08/2001,Tristique Pharetra Institute,Human Resources
270,Reagan,Malaysia,08/12/2005,Pellentesque Tellus LLC,Finances
271,Glenna,Dominica,11/09/1974,Sit Amet Lorem Corporation,Public Relations
272,Lewis,Jersey,31/05/1962,Eu Tellus Eu Foundation,Finances
273,Brianna,Guatemala,11/12/1988,Blandit Corporation,Customer Relations
274,Buckminster,Chad,27/03/1977,A Ultricies Incorporated,Legal Department
275,Orlando,Burkina Faso,06/02/1994,Et Ltd,Finances
276,Nola,Bosnia and Herzegovina,18/12/1963,Lobortis Quam LLC,Human Resources
277,Clark,Congo (Brazzaville),31/12/1969,Semper Cursus Ltd,Finances
278,Juliet,Qatar,05/06/1965,Egestas Duis Ac Consulting,Quality Assurance
279,Montana,"Korea, South",25/05/1977,At Consulting,Research and Development
280,Karly,Angola,07/11/1960,Congue Elit Sed Institute,Human Resources
281,Quentin,Mayotte,02/11/1968,At Auctor PC,Research and Development
282,Raven,Georgia,20/02/1998,Id Erat PC,Sales and Marketing
283,Camille,American Samoa,03/03/2007,Et Euismod Et Corp.,Public Relations
284,Oscar,Belize,17/04/2001,Mauris Corp.,Public Relations
285,Carissa,Curaçao,30/04/2007,Libero Ltd,Customer Relations
286,Kristen,Solomon Islands,01/09/2015,Augue Eu Tellus Limited,Public Relations
287,Brielle,Guinea,03/11/2010,Lacinia Institute,Sales and Marketing
288,Timothy,Tunisia,08/02/2012,Quisque Varius Nam Limited,Finances
289,Isaac,Northern Mariana Islands,17/12/1971,Dignissim Tempor Arcu PC,Human Resources
290,Malik,Taiwan,27/07/1999,Nec Ante Incorporated,Customer Relations
291,Buffy,Jersey,17/06/2004,Porttitor Institute,Human Resources
292,Gretchen,Guernsey,20/02/2005,Dapibus Ligula Institute,Tech Support
293,Clinton,Niue,24/02/1972,Erat Neque Consulting,Customer Relations
294,Velma,Chile,29/05/1969,Sem Ut Foundation,Customer Relations
295,Nadine,Bangladesh,24/07/1981,Bibendum Company,Quality Assurance
296,Burke,Dominica,30/09/1977,Ut Lacus Institute,Customer Relations
297,Amela,Romania,26/09/1968,Egestas Nunc Consulting,Research and Development
298,Kitra,Cuba,10/04/1993,Dui Fusce Company,Customer Relations
299,Caesar,Papua New Guinea,09/07/1961,Ut Molestie LLC,Public Relations
300,Sloane,Marshall Islands,13/08/1986,Eu Eleifend Incorporated,Legal Department
301,Duncan,Puerto Rico,18/06/1979,Posuere Vulputate Lacus Incorporated,Sales and Marketing
302,Emily,Kazakhstan,03/11/2006,Neque Pellentesque Massa LLP,Legal Department
303,Caesar,Syria,28/09/1969,Felis LLC,Customer Relations
304,Jemima,Bosnia and Herzegovina,29/12/2011,Non Associates,Customer Relations
305,Kirsten,Costa Rica,03/02/2006,Semper Rutrum Fusce Limited,Human Resources
306,Anika,Equatorial Guinea,12/11/1983,Nascetur Ridiculus Mus Foundation,Finances
307,Jaden,Guatemala,20/10/2015,Amet Consectetuer Limited,Research and Development
308,Mason,South Africa,22/09/2010,Lacus Vestibulum Ltd,Sales and Marketing
309,Signe,Norfolk Island,31/05/1998,Nisi Company,Human Resources
310,Denise,Somalia,26/07/1989,Consectetuer Company,Finances
311,Raphael,Svalbard and Jan Mayen Islands,22/06/1995,Nulla Interdum Curabitur Limited,Quality Assurance
312,Sylvia,Wallis and Futuna,10/11/2003,Ac Mattis Ornare Corporation,Research and Development
313,Lillian,Jersey,07/04/1986,Molestie Sodales Corporation,Customer Relations
314,Kristen,New Caledonia,17/05/1991,Et Commodo At Incorporated,Tech Support
315,Preston,Gabon,11/03/1986,Quis PC,Public Relations
316,Bruce,"Virgin Islands, British",22/04/1972,Sed Nulla Ante Incorporated,Legal Department
317,Jamal,Holy See (Vatican City State),06/04/2013,Arcu Imperdiet Consulting,Legal Department
318,Wanda,Swaziland,19/09/1998,Enim PC,Tech Support
319,Sebastian,French Guiana,24/08/1988,Metus Sit Consulting,Research and Development
320,Kylie,Mali,27/04/1977,Magnis PC,Finances
321,Macey,Indonesia,17/01/2005,Fringilla Donec Feugiat Limited,Research and Development
322,Nigel,India,28/05/1980,A Sollicitudin Orci Company,Research and Development
323,Howard,Samoa,19/10/1987,Sollicitudin A Malesuada Ltd,Research and Development
324,Jacqueline,Portugal,18/10/1979,Senectus Et Netus PC,Research and Development
325,Martin,Bouvet Island,05/03/1966,Morbi Sit Associates,Public Relations
326,Lane,Cayman Islands,13/06/1990,Ultrices Vivamus Associates,Tech Support
327,Fiona,Gibraltar,05/01/1961,Sed Dictum Proin Consulting,Human Resources
328,Candice,Papua New Guinea,19/07/1975,Amet Ornare Lectus PC,Public Relations
329,Barrett,Malaysia,25/05/1990,Aliquet Lobortis Corporation,Customer Relations
330,Lani,Curaçao,19/04/2007,Egestas Ligula Nullam LLP,Tech Support
331,Ulla,Uruguay,18/03/1995,Duis Dignissim Incorporated,Research and Development
332,Giselle,Turkmenistan,10/04/1964,Ut Cursus Industries,Finances
333,Ryder,Trinidad and Tobago,26/01/1969,Nulla Semper Company,Quality Assurance
334,Cruz,United Kingdom (Great Britain),06/03/1993,Nam Ac Nulla Associates,Quality Assurance
335,Hedwig,Malaysia,19/12/1994,Donec Associates,Legal Department
336,Judah,Serbia,15/03/1976,At Libero Consulting,Customer Relations
337,Maris,Saudi Arabia,09/08/1986,Lectus Rutrum Consulting,Tech Support
338,Blake,Monaco,10/10/1960,Nunc Laoreet LLP,Tech Support
339,Justina,Brunei,06/01/2002,Aliquam Erat Volutpat Foundation,Quality Assurance
340,Fatima,Cape Verde,21/03/1979,Lacinia Vitae Company,Customer Relations
341,Xerxes,Saint Lucia,17/05/1968,Lorem Fringilla Ornare Limited,Legal Department
342,Ursa,Ethiopia,10/09/1964,Aliquam LLP,Human Resources
343,Ramona,Guam,12/09/2005,Ornare LLP,Human Resources
344,Eagan,Indonesia,25/04/1965,Iaculis Consulting,Legal Department
345,Maxwell,Tonga,15/09/2006,Mus Donec Incorporated,Sales and Marketing
346,Ethan,Taiwan,04/11/1997,Dolor Vitae PC,Research and Development
347,Fallon,Austria,01/07/2005,Metus Industries,Legal Department
348,Vera,Belarus,26/09/1964,Aliquam Foundation,Tech Support
349,Bryar,Macedonia,09/05/2001,Proin Company,Research and Development
350,Pandora,Belgium,13/03/2003,Varius Institute,Finances
351,Mason,Kuwait,04/03/1973,Ut Erat Inc.,Finances
352,Rae,Brazil,06/11/2008,A Corporation,Legal Department
353,Pandora,Anguilla,29/03/1987,Aliquet LLP,Sales and Marketing
354,Boris,Bhutan,04/02/1962,Urna Convallis Limited,Finances
355,Boris,Central African Republic,21/06/2003,Non Institute,Sales and Marketing
356,Mark,Sao Tome and Principe,13/01/2003,Vestibulum Ante Ipsum Inc.,Legal Department
357,Kareem,Cayman Islands,18/06/1992,Varius Limited,Research and Development
358,Kamal,France,16/11/2007,Urna Nunc Quis Consulting,Public Relations
359,Reece,Cayman Islands,25/05/2015,Turpis Vitae Purus Limited,Research and Development
360,Yoshi,"Bonaire, Sint Eustatius and Saba",28/12/2014,Tellus Id Associates,Tech Support
361,Myra,Qatar,27/04/1996,Porttitor Interdum Sed PC,Sales and Marketing
362,Amber,Mayotte,16/12/1986,Fringilla Cursus Purus Corp.,Human Resources
363,Isaiah,"Virgin Islands, United States",16/07/1975,Morbi Sit LLC,Finances
364,Buckminster,Portugal,04/06/1994,Vitae Risus Duis Corporation,Legal Department
365,Eric,Ukraine,14/08/1974,Donec Dignissim Magna Limited,Legal Department
366,Ian,Montenegro,07/02/2006,Nibh Enim PC,Finances
367,Vanna,Lebanon,13/09/1997,Cras Consulting,Customer Relations
368,Brynne,Liberia,05/12/1994,Libero Est PC,Research and Development
369,Fiona,Malawi,08/09/2014,Risus Odio PC,Finances
370,Carolyn,Tonga,22/09/1964,Donec Nibh Company,Sales and Marketing
371,Hilel,French Polynesia,24/06/1962,Tristique Ac Corp.,Quality Assurance
372,Tamara,Georgia,25/09/1992,Non Sollicitudin A Limited,Customer Relations
373,Ferris,New Zealand,02/01/1966,Vivamus Nibh Limited,Finances
374,Irene,Norway,06/11/1973,Aliquet Diam Sed Industries,Quality Assurance
375,Gage,Solomon Islands,26/08/2013,Ac Turpis Egestas Foundation,Public Relations
376,Gareth,Burundi,01/01/2004,Semper LLC,Research and Development
377,Flynn,Turkmenistan,01/04/1967,Dis Parturient Montes Limited,Finances
378,Anastasia,"Bonaire, Sint Eustatius and Saba",16/05/2016,Arcu Ac Consulting,Quality Assurance
379,Quamar,France,10/08/1993,Lectus Ante Dictum LLP,Tech Support
380,Hakeem,Togo,14/07/2011,Risus Quis Diam Associates,Customer Relations
381,Hunter,Liechtenstein,17/05/1985,Mi Fringilla Incorporated,Public Relations
382,Caryn,Eritrea,27/08/1991,Ullamcorper Duis Consulting,Finances
383,Jin,Cocos (Keeling) Islands,28/10/1998,Libero Mauris Aliquam Limited,Tech Support
384,Martina,"Korea, South",16/05/2000,Aenean Ltd,Quality Assurance
385,Anastasia,Bulgaria,10/04/1988,Egestas Urna Corp.,Customer Relations
386,Cherokee,Colombia,03/12/1987,Ac Risus Company,Sales and Marketing
387,Karen,French Guiana,09/08/1976,Nascetur Ridiculus LLC,Quality Assurance
388,Travis,United States,25/09/1966,Imperdiet Company,Human Resources
389,Imelda,Bahrain,13/09/2009,Vitae Posuere At LLP,Quality Assurance
390,Forrest,Panama,07/09/1981,Risus Varius Corporation,Research and Development
391,Tiger,Ecuador,26/08/1964,Vitae Dolor Company,Public Relations
392,Nayda,Lebanon,23/03/2014,Urna Associates,Sales and Marketing
393,Rigel,Northern Mariana Islands,23/11/1998,Leo Morbi PC,Human Resources
394,Lee,Serbia,22/12/1960,Aliquam Institute,Quality Assurance
395,Joelle,Guyana,23/03/1962,Vitae Posuere Inc.,Finances
396,Sylvia,Wallis and Futuna,25/10/1972,Aliquam Rutrum Lorem Institute,Legal Department
397,Donna,"Saint Helena, Ascension and Tristan da Cunha",28/07/2013,Ac Libero Ltd,Quality Assurance
398,Charde,New Caledonia,23/08/1978,Et Ltd,Finances
399,Graham,Sri Lanka,03/01/1972,Ut Sem Ltd,Human Resources
400,Kyle,France,12/09/1963,Libero Mauris Aliquam LLC,Quality Assurance
401,April,Bosnia and Herzegovina,23/12/2010,Ultrices Sit Amet Ltd,Sales and Marketing
402,Baker,Barbados,13/01/2010,Ligula Consulting,Human Resources
403,Solomon,Cocos (Keeling) Islands,19/10/1974,Mattis LLP,Tech Support
404,Margaret,Greece,30/06/1979,Est Inc.,Finances
405,Brynn,Turks and Caicos Islands,17/04/2013,Turpis Nec Corporation,Human Resources
406,Hedy,Jordan,02/04/1981,Nullam Suscipit Est Institute,Customer Relations
407,Liberty,Slovakia,09/11/1963,Donec Limited,Customer Relations
408,Rama,Romania,19/07/1982,Tortor Corporation,Public Relations
409,Guy,Malaysia,14/04/2009,Sit Amet Consectetuer Ltd,Legal Department
410,Christen,Iceland,19/07/2005,Sed Et LLP,Human Resources
411,Cynthia,French Southern Territories,14/08/1998,Mi Aliquam Inc.,Customer Relations
412,Jared,Belize,23/02/2001,Sapien LLC,Research and Development
413,Trevor,Montenegro,16/07/1991,Ut PC,Finances
414,Justine,Indonesia,13/11/1993,Cursus Limited,Sales and Marketing
415,Illana,Bulgaria,28/03/2003,Lectus A Sollicitudin Inc.,Human Resources
416,Dieter,Togo,12/11/2008,Eros Turpis Non PC,Human Resources
417,Amena,Malta,17/04/1981,Nonummy Fusce Fermentum Corporation,Finances
418,Alexa,Montserrat,29/05/2014,Rutrum Magna Company,Public Relations
419,Brynne,Morocco,20/06/1997,Convallis Est Company,Human Resources
420,Quinn,Israel,03/10/1978,Egestas Hendrerit Neque Foundation,Human Resources
421,Cullen,Reunion,07/03/1971,Ligula Elit Pretium Institute,Quality Assurance
422,Malcolm,Cambodia,01/11/2001,Sollicitudin Orci Sem LLP,Research and Development
423,Samuel,Iraq,19/12/1991,Nisi Institute,Finances
424,Melinda,Norway,17/04/2014,Condimentum Donec At Limited,Quality Assurance
425,Katell,Falkland Islands,20/09/1982,Egestas Institute,Research and Development
426,Deacon,"Saint Helena, Ascension and Tristan da Cunha",20/03/1966,Praesent Eu Limited,Sales and Marketing
427,Sloane,Albania,09/03/1979,Consectetuer Cursus Consulting,Public Relations
428,Lana,El Salvador,15/01/2001,Dapibus Id Associates,Customer Relations
429,Nadine,Belgium,23/10/2004,Pellentesque Consulting,Tech Support
430,Megan,Belarus,16/02/1965,Vivamus Limited,Quality Assurance
431,Isabelle,Saint Kitts and Nevis,14/02/2009,Ligula Tortor Consulting,Tech Support
432,Isaiah,Laos,16/09/1992,Tincidunt Neque Vitae Incorporated,Tech Support
433,Kevin,Israel,18/07/1993,Dictum Eu LLP,Tech Support
434,Reed,Tuvalu,14/12/2000,Dis Parturient LLP,Customer Relations
435,Shoshana,Gambia,20/12/1983,Ut Mi Duis Consulting,Public Relations
436,TaShya,Mauritania,01/03/2002,Quis Pede Praesent Inc.,Research and Development
437,Chaim,Saint Vincent and The Grenadines,10/09/1987,Donec Company,Tech Support
438,Odette,El Salvador,05/01/1992,Ut LLP,Legal Department
439,Jessica,Senegal,01/02/2002,Ut Aliquam Associates,Tech Support
440,Alvin,Reunion,08/02/2000,Nibh Lacinia LLC,Finances
441,Jorden,Mauritania,29/06/1979,Euismod Et Commodo LLC,Public Relations
442,Yuli,Saint Pierre and Miquelon,07/10/1963,Augue Eu Ltd,Finances
443,Sylvia,Puerto Rico,28/02/1997,Odio Tristique Pharetra Consulting,Customer Relations
444,Fritz,Svalbard and Jan Mayen Islands,30/05/1984,Aliquam Vulputate LLP,Sales and Marketing
445,Bertha,Germany,07/02/1981,Pede Praesent Ltd,Quality Assurance
446,Gretchen,Azerbaijan,12/03/2004,Convallis Ligula Associates,Sales and Marketing
447,Sean,Bouvet Island,12/12/1987,Nunc Consulting,Finances
448,Heather,Bangladesh,15/02/2006,Eu Odio Corporation,Sales and Marketing
449,Stone,Hong Kong,26/08/1966,Scelerisque Neque Foundation,Quality Assurance
450,Clare,Peru,10/12/2009,Nam Ac Nulla Consulting,Public Relations
451,Logan,Uganda,15/07/1991,Laoreet Libero Institute,Tech Support
452,Noah,Bangladesh,05/07/1999,Vulputate Ullamcorper Magna Foundation,Tech Support
453,Plato,Swaziland,26/07/1994,Consequat Ltd,Research and Development
454,Akeem,Djibouti,16/07/2010,Vitae LLC,Sales and Marketing
455,Melinda,Northern Mariana Islands,28/12/1999,Molestie Tellus Aenean Consulting,Human Resources
456,Emmanuel,Seychelles,15/11/1973,Vestibulum Accumsan Neque Industries,Quality Assurance
457,Alyssa,Malawi,20/11/1965,Aliquam Limited,Legal Department
458,Rhoda,Rwanda,21/06/2010,Faucibus Lectus Inc.,Research and Development
459,Charde,Andorra,10/03/2012,Ligula Eu Consulting,Human Resources
460,Thaddeus,Saudi Arabia,17/10/1962,Ipsum Sodales Industries,Tech Support
461,Kennan,Haiti,25/10/2002,Et Netus PC,Finances
462,Rose,Maldives,06/02/1998,Sem Eget Massa Inc.,Research and Development
463,Glenna,Fiji,15/02/1975,Vitae Odio Sagittis Corporation,Quality Assurance
464,Cailin,Equatorial Guinea,01/09/2010,Pharetra Ut Foundation,Finances
465,Alexander,Argentina,08/05/1995,Ac Urna Ut Inc.,Human Resources
466,Ebony,Suriname,26/11/1994,Elit Aliquam Auctor Inc.,Legal Department
467,Thomas,Ethiopia,24/10/1967,Mollis Foundation,Tech Support
468,Margaret,Burkina Faso,11/08/1998,Aliquet Lobortis Nisi Incorporated,Tech Support
469,Connor,Qatar,09/03/2004,A Neque Institute,Public Relations
470,Fallon,"Korea, South",08/09/1962,Aliquet Lobortis Nisi LLC,Legal Department
471,Cassandra,Angola,18/04/1964,Libero Company,Quality Assurance
472,Danielle,Sint Maarten,21/01/1982,Malesuada Limited,Finances
473,Davis,Guinea,21/07/1996,Molestie Orci Tincidunt Company,Sales and Marketing
474,Murphy,Pakistan,26/02/1963,Sed Company,Quality Assurance
475,Nasim,Northern Mariana Islands,28/01/1962,Aliquet Molestie Tellus Inc.,Tech Support
476,Beau,Sint Maarten,07/10/1968,Tincidunt Dui Augue Limited,Finances
477,India,Curaçao,21/12/1968,Nec Tellus Inc.,Customer Relations
478,Gabriel,Argentina,30/08/1975,Sagittis Lobortis Corp.,Finances
479,Morgan,Turkmenistan,13/10/1975,Molestie Institute,Finances
480,Claudia,Falkland Islands,06/06/1982,Velit Egestas Lacinia LLC,Sales and Marketing
481,Courtney,El Salvador,09/03/1975,Dui Lectus Rutrum Associates,Tech Support
482,Margaret,Andorra,01/11/2011,Dui In LLC,Human Resources
483,Lesley,Mozambique,06/02/1994,Non Incorporated,Human Resources
484,Sade,Guatemala,30/11/1977,At Corp.,Sales and Marketing
485,Imelda,Equatorial Guinea,17/07/2008,Ultricies Sem Ltd,Tech Support
486,Zachery,British Indian Ocean Territory,09/06/1996,Diam Duis Ltd,Public Relations
487,Sylvester,French Guiana,08/06/1962,Nunc Nulla Vulputate Associates,Customer Relations
488,Francis,Saint Pierre and Miquelon,08/09/1974,Duis Ltd,Human Resources
489,Reese,Marshall Islands,18/05/1976,Blandit Associates,Public Relations
490,Patience,Paraguay,09/09/2010,Ipsum LLP,Tech Support
491,Lydia,Netherlands,04/07/2005,Sollicitudin A Malesuada Ltd,Human Resources
492,Olivia,Zimbabwe,16/11/1991,Sem Vitae Aliquam Inc.,Finances
493,Chandler,Martinique,29/08/1972,Est Tempor Foundation,Research and Development
494,Bryar,Kazakhstan,09/03/2001,Nulla Facilisi Sed LLC,Public Relations
495,Andrew,Saint Pierre and Miquelon,09/12/2014,Luctus Lobortis Class LLC,Sales and Marketing
496,Alvin,United Arab Emirates,09/06/2001,Accumsan Laoreet Ipsum LLC,Quality Assurance
497,Cameron,Angola,13/11/1969,Phasellus Ltd,Legal Department
498,Tasha,Germany,28/06/2006,Pede Praesent Ltd,Public Relations
499,Howard,Marshall Islands,25/10/1985,At Fringilla Inc.,Public Relations
500,Janna,Swaziland,10/02/2011,Mauris Industries,Customer Relations
501,Brent,Aruba,01/03/2004,Nec Foundation,Finances
502,Dale,Azerbaijan,22/03/1972,Augue Porttitor Interdum Foundation,Sales and Marketing
503,Isabelle,Taiwan,05/02/1964,Dolor Inc.,Human Resources
504,Jeanette,Pitcairn Islands,14/07/1973,Enim Ltd,Sales and Marketing
505,Risa,Luxembourg,08/03/1968,Volutpat Nunc Ltd,Research and Development
506,Isabelle,Czech Republic,13/08/2001,Lorem Semper LLP,Customer Relations
507,Zachary,Costa Rica,07/08/1998,Morbi LLC,Sales and Marketing
508,Desiree,Angola,23/05/1971,Sed Neque Limited,Tech Support
509,Joelle,Bahrain,16/10/2012,Egestas A Dui PC,Legal Department
510,Geoffrey,Denmark,19/05/1997,Integer LLC,Customer Relations
511,Ahmed,Bahrain,01/08/1989,Nec Company,Public Relations
512,Driscoll,Pitcairn Islands,03/11/2011,Nunc Institute,Human Resources
513,Taylor,Bermuda,13/08/1983,Leo Morbi Neque Foundation,Quality Assurance
514,Regan,Equatorial Guinea,14/04/1962,Sed Consulting,Sales and Marketing
515,Morgan,Luxembourg,04/05/1995,Enim LLC,Finances
516,Lila,South Africa,06/06/1998,Ac Mattis Corp.,Customer Relations
517,Regan,Hungary,23/10/2013,Semper LLC,Tech Support
518,Fallon,Kiribati,03/10/1964,At Ltd,Human Resources
519,Troy,Costa Rica,14/01/1986,Euismod Ltd,Legal Department
520,Hilel,Croatia,27/06/1990,Phasellus Vitae Associates,Tech Support
521,Ulysses,Zambia,10/04/1993,Arcu Company,Finances
522,Gay,Hungary,29/08/2001,Cursus Vestibulum Mauris Corp.,Public Relations
523,Britanney,Antigua and Barbuda,19/02/2011,Vehicula Aliquet Libero Corp.,Research and Development
524,Emerald,Iran,12/01/2006,Commodo Auctor Velit Ltd,Sales and Marketing
525,Aimee,Oman,25/11/1992,Pharetra Inc.,Legal Department
526,Regina,Saint Kitts and Nevis,13/04/1968,Eu Erat Semper LLC,Customer Relations
527,Idola,El Salvador,12/09/2011,Ac Mattis Ornare Industries,Quality Assurance
528,Irma,Kazakhstan,23/01/1985,Molestie Consulting,Research and Development
529,Megan,Liberia,04/09/2012,Orci Luctus PC,Sales and Marketing
530,Montana,Czech Republic,19/03/1979,Fusce Aliquet Magna Associates,Quality Assurance
531,Blossom,South Georgia and The South Sandwich Islands,14/05/2009,Integer LLC,Customer Relations
532,Joshua,French Polynesia,18/06/1993,Diam PC,Human Resources
533,Jasmine,Saint Vincent and The Grenadines,23/03/1973,Dis Parturient Montes Corp.,Finances
534,Uma,Morocco,18/06/2014,Fusce Aliquam LLP,Research and Development
535,Amber,Costa Rica,23/05/1970,Placerat Augue Limited,Tech Support
536,Caryn,Sri Lanka,17/09/1978,Magna Foundation,Tech Support
537,Kaye,Cape Verde,10/04/2013,Rutrum Eu Limited,Human Resources
538,Nathan,Burkina Faso,25/06/1988,Eu Sem LLP,Quality Assurance
539,Maris,Bulgaria,21/09/1984,Ultrices Limited,Human Resources
540,Roary,Cayman Islands,21/03/2004,Convallis Est Vitae Limited,Quality Assurance
541,Kyle,Yemen,05/06/2000,Aliquam Gravida Corporation,Customer Relations
542,Jordan,Guam,22/12/2011,Sit Associates,Finances
543,Martha,Russian Federation,15/06/1966,Malesuada Company,Human Resources
544,Kirestin,Wallis and Futuna,11/10/1990,Duis Inc.,Finances
545,Solomon,Guinea-Bissau,10/02/1997,At Sem PC,Sales and Marketing
546,Demetria,Guyana,01/06/2014,Dapibus Rutrum Justo Limited,Tech Support
547,Odessa,Malaysia,20/10/2009,Vel LLC,Research and Development
548,Hamish,Palau,29/12/1988,Non Egestas A Consulting,Finances
549,Ivory,Austria,29/07/1960,Penatibus Industries,Quality Assurance
550,Bruno,Reunion,23/01/1998,Libero Inc.,Quality Assurance
551,Jolie,Antigua and Barbuda,21/05/2013,Curabitur LLC,Human Resources
552,Deborah,Bahamas,10/09/1997,Enim Associates,Public Relations
553,Lynn,Haiti,06/07/1999,Tempus Eu PC,Quality Assurance
554,Lacey,Albania,03/02/1997,Auctor Odio A Incorporated,Human Resources
555,Chelsea,San Marino,18/05/1966,In Mi Pede PC,Human Resources
556,Ciara,Fiji,25/12/1973,Magnis Dis Parturient LLC,Sales and Marketing
557,Reuben,Saint Martin,13/01/1978,Ultricies Ligula Nullam PC,Customer Relations
558,Chanda,Malawi,18/02/1971,Pharetra Limited,Legal Department
559,Pearl,Kazakhstan,13/11/2004,Euismod Corporation,Finances
560,Casey,Tuvalu,01/04/1989,Eget LLC,Public Relations
561,Ann,Estonia,24/07/2008,Pharetra Sed PC,Research and Development
562,Quynn,Grenada,07/04/2005,Tristique Industries,Legal Department
563,Arden,Reunion,03/10/1973,Auctor Foundation,Sales and Marketing
564,Keiko,Guatemala,20/10/1988,Tellus Sem Ltd,Sales and Marketing
565,Alfonso,Seychelles,06/04/1995,Ornare Corp.,Sales and Marketing
566,Katelyn,Belize,21/03/1996,Accumsan Laoreet Associates,Human Resources
567,Inez,Reunion,16/07/1961,Arcu Vestibulum Institute,Customer Relations
568,Latifah,British Indian Ocean Territory,02/11/2010,Egestas Blandit Ltd,Legal Department
569,Shellie,Saint Barthélemy,09/12/1994,Sodales Nisi Magna Limited,Quality Assurance
570,Francesca,South Sudan,23/07/1990,Aenean Company,Legal Department
571,Fallon,Christmas Island,29/06/1986,Nulla Associates,Customer Relations
572,Grady,Singapore,02/01/2013,Eleifend Cras Sed PC,Customer Relations
573,Cynthia,Micronesia,08/06/1962,Dolor Nulla Corporation,Finances
574,Grant,Saint Martin,04/09/2015,Tempor Institute,Sales and Marketing
575,Zia,Gambia,23/03/1973,Malesuada Malesuada Integer Limited,Research and Development
576,Eagan,Bangladesh,20/05/1981,Sem Mollis Dui Associates,Quality Assurance
577,Branden,Holy See (Vatican City State),18/06/1969,Tellus Justo Industries,Customer Relations
578,Cassandra,Saint Kitts and Nevis,01/11/2007,Et Ltd,Customer Relations
579,Chanda,Afghanistan,02/03/1982,In Dolor Fusce Foundation,Tech Support
580,Merritt,Czech Republic,17/06/1978,Dapibus Ligula Corp.,Public Relations
581,Timon,Greenland,16/04/1986,Libero Proin Company,Finances
582,Yoshi,Kyrgyzstan,27/05/1966,Nulla In Institute,Legal Department
583,Elvis,"Korea, South",15/05/1963,Eget Ipsum Donec PC,Sales and Marketing
584,Isadora,Guernsey,24/04/2002,Aenean Institute,Finances
585,Tarik,"Korea, South",04/10/1965,Porta Elit A Ltd,Human Resources
586,Chancellor,Oman,14/02/2009,Magna LLP,Tech Support
587,Chase,Belarus,25/01/2014,Arcu Limited,Sales and Marketing
588,Ivor,El Salvador,08/07/1960,Morbi Inc.,Customer Relations
589,Ivan,United Kingdom (Great Britain),04/07/2007,Cursus Luctus Ipsum Inc.,Quality Assurance
590,Mercedes,Sint Maarten,25/02/1999,Rutrum Non Hendrerit Industries,Sales and Marketing
591,Deanna,Tajikistan,14/08/1993,Netus Inc.,Public Relations
592,Neve,Hong Kong,27/08/1971,Primis In Foundation,Public Relations
593,Libby,Burkina Faso,22/11/1977,Gravida Limited,Research and Development
594,Callum,Mauritania,30/05/1965,Consectetuer Euismod LLP,Research and Development
595,Indira,Jersey,29/08/1961,Odio LLP,Tech Support
596,Alma,Portugal,20/09/1968,Magnis Corporation,Public Relations
597,Victor,Mexico,07/06/1964,Erat Vel Pede Institute,Quality Assurance
598,Maggie,Tuvalu,07/09/1969,Nisi Aenean Limited,Customer Relations
599,Darryl,Holy See (Vatican City State),20/09/2000,Elit Elit Fermentum LLC,Finances
600,Erica,Tuvalu,04/07/2008,Magna Duis Dignissim Institute,Sales and Marketing
601,Coby,Czech Republic,01/05/1976,Lorem Vitae Odio LLC,Public Relations
602,Paula,Iraq,23/05/2001,Ut LLP,Legal Department
603,Mufutau,Equatorial Guinea,24/01/1974,Ipsum LLC,Tech Support
604,Colby,Uganda,31/10/2014,Nisi Company,Research and Development
605,Chaim,Lebanon,20/06/1976,A Enim Corporation,Research and Development
606,Velma,Uruguay,23/07/1962,Eleifend Vitae Consulting,Finances
607,Abigail,"Bonaire, Sint Eustatius and Saba",23/04/1966,Porttitor Scelerisque PC,Sales and Marketing
608,Jaquelyn,Cook Islands,09/10/1969,Iaculis Lacus Associates,Legal Department
609,Keane,Thailand,30/09/2005,Sapien LLC,Legal Department
610,Kitra,Grenada,11/05/2003,Lorem Eu Consulting,Finances
611,Jacob,Guinea,25/04/1990,Lectus Limited,Customer Relations
612,Justina,Armenia,11/01/1979,Luctus Curabitur Institute,Tech Support
613,Fay,Yemen,12/09/2012,Parturient LLC,Human Resources
614,Basil,Swaziland,23/12/1962,Eget Varius Associates,Quality Assurance
615,Kiona,Tanzania,10/03/1965,Feugiat Corporation,Tech Support
616,Joel,Saint Vincent and The Grenadines,11/11/1967,Nulla Foundation,Sales and Marketing
617,Darryl,Cape Verde,16/12/1992,Urna Nec Corporation,Sales and Marketing
618,Matthew,Bhutan,28/05/1985,Aliquet Magna Associates,Quality Assurance
619,Blaine,Tajikistan,20/05/1975,Turpis Associates,Human Resources
620,Zephania,Zimbabwe,22/10/1962,Sit Amet Associates,Legal Department
621,Cheryl,Morocco,15/05/1984,Malesuada Fringilla Est Corp.,Finances
622,Aaron,Senegal,02/06/2001,Magna Duis LLC,Finances
623,Fletcher,Chad,16/04/1962,Erat Corp.,Legal Department
624,Allegra,Mauritius,04/01/1962,Aliquet Lobortis Nisi Company,Public Relations
625,Idola,Israel,11/06/2004,Nascetur Ridiculus Ltd,Human Resources
626,Oleg,Kenya,23/07/2003,Ut PC,Public Relations
627,Giacomo,Turkey,26/08/1967,Quis Massa Mauris Associates,Human Resources
628,Sydney,Paraguay,19/11/1988,Nec Associates,Customer Relations
629,Veronica,Croatia,03/06/1961,Aliquam Associates,Human Resources
630,August,Rwanda,18/04/1973,Lacus Quisque Inc.,Legal Department
631,Yetta,Thailand,08/04/1967,Egestas Associates,Tech Support
632,Regan,Dominica,03/05/1979,Orci PC,Human Resources
633,Reuben,France,27/09/2012,Eget PC,Research and Development
634,Allen,Swaziland,19/06/1992,Aliquet Molestie Tellus Corporation,Research and Development
635,Gage,Greenland,01/02/1986,Eget Metus Industries,Customer Relations
636,Eric,Botswana,12/08/2009,Eu Ligula Aenean Corp.,Finances
637,Zeph,New Zealand,22/08/1991,Eu Ultrices Sit Inc.,Sales and Marketing
638,Josiah,United Kingdom (Great Britain),28/03/1985,Lorem Vehicula Industries,Sales and Marketing
639,Ethan,United Arab Emirates,31/08/1962,Vitae Erat Incorporated,Quality Assurance
640,Arthur,France,16/09/1961,Arcu Sed Eu Institute,Public Relations
641,Yoshio,Côte D'Ivoire (Ivory Coast),17/10/1988,Dolor Fusce Mi Foundation,Sales and Marketing
642,Chaim,Saint Barthélemy,17/12/1965,Magna A Tortor Industries,Human Resources
643,Mason,Saint Lucia,03/05/1966,Purus Inc.,Tech Support
644,Whilemina,Cayman Islands,19/02/1977,Metus Vitae Velit PC,Finances
645,Vivian,Barbados,23/09/1967,Rhoncus Nullam Corporation,Research and Development
646,Lionel,Malta,21/03/2004,Fames Ac Corporation,Quality Assurance
647,Ulla,Cayman Islands,27/06/2006,Ut Inc.,Sales and Marketing
648,TaShya,Fiji,13/11/1999,Eget Associates,Tech Support
649,Candice,Thailand,05/05/1983,Et Rutrum Eu Associates,Legal Department
650,Xena,Austria,11/01/1967,Fames Ac Turpis Institute,Sales and Marketing
651,Angela,Tajikistan,29/11/1982,Egestas Urna Inc.,Quality Assurance
652,Amos,Libya,10/08/1997,Luctus Lobortis Class Institute,Public Relations
653,Leonard,Mayotte,04/08/1997,Sit Associates,Quality Assurance
654,Akeem,Mayotte,06/12/1995,Vitae Erat Vel Ltd,Public Relations
655,Riley,Chad,11/02/2007,Fringilla Limited,Sales and Marketing
656,Keaton,Saint Vincent and The Grenadines,10/06/2014,Cras Company,Human Resources
657,Echo,Slovakia,25/08/1988,Lacus Corporation,Tech Support
658,Xander,Andorra,15/04/1970,Est Mauris Institute,Public Relations
659,Kadeem,Sudan,01/08/1981,Duis Risus Odio Foundation,Tech Support
660,Teegan,Singapore,26/03/1997,Ac Mattis Ornare Institute,Research and Development
661,Stone,Palau,24/05/2007,Suscipit Foundation,Public Relations
662,Hunter,Kenya,22/10/1999,Euismod Mauris Corp.,Customer Relations
663,Audrey,Brazil,21/05/2001,Mauris Sapien Cursus Associates,Tech Support
664,Amelia,Cameroon,02/04/2004,Sagittis Semper Nam LLC,Tech Support
665,Tatiana,Cape Verde,30/11/2000,Inceptos Hymenaeos Inc.,Public Relations
666,Ursula,Saint Barthélemy,23/09/1964,Lorem Auctor Incorporated,Research and Development
667,Sonia,Madagascar,25/01/1963,Odio Inc.,Customer Relations
668,Ezra,Albania,27/11/1982,Tincidunt Dui Augue Institute,Customer Relations
669,Kadeem,Saint Pierre and Miquelon,12/06/2015,Lobortis Quam A Industries,Tech Support
670,Moana,Christmas Island,02/10/1963,Eu Tempor Erat LLC,Customer Relations
671,Jaime,Barbados,13/04/2007,Tempor Associates,Tech Support
672,Mechelle,Antigua and Barbuda,25/10/2011,Ac Urna Incorporated,Tech Support
673,Iris,Curaçao,22/01/1972,Auctor Velit Aliquam LLC,Quality Assurance
674,Rhiannon,Russian Federation,10/02/1984,Montes Consulting,Customer Relations
675,Jada,Chile,06/05/1961,Augue Id Ante Industries,Sales and Marketing
676,Chanda,British Indian Ocean Territory,06/08/2008,Phasellus At Ltd,Quality Assurance
677,Tashya,Djibouti,21/05/1985,Sagittis LLP,Human Resources
678,Ivor,Congo (Brazzaville),04/02/2005,Phasellus Limited,Sales and Marketing
679,Noelle,Guam,19/10/2005,Penatibus Corporation,Human Resources
680,Cameron,Macao,14/03/2015,Arcu Vestibulum Corp.,Public Relations
681,Mira,Somalia,12/05/1966,Et Corp.,Tech Support
682,Colton,Russian Federation,16/04/1969,Duis Volutpat Inc.,Legal Department
683,Orli,Mozambique,01/09/2004,Morbi Limited,Finances
684,Lana,Albania,04/07/2008,A Sollicitudin Orci Company,Research and Development
685,Xena,Saint Kitts and Nevis,23/11/1977,Felis Corporation,Public Relations
686,Chaim,United Arab Emirates,06/05/1998,Dignissim Pharetra Nam Institute,Quality Assurance
687,Blake,United States,28/11/1987,Ante Limited,Legal Department
688,Allen,Cameroon,05/01/1974,Ut Nulla Inc.,Sales and Marketing
689,Imelda,Indonesia,11/03/2013,Nisi Sem Corp.,Tech Support
690,Clarke,"Saint Helena, Ascension and Tristan da Cunha",20/12/2004,Varius PC,Tech Support
691,Destiny,United States,13/10/1963,Lorem LLP,Quality Assurance
692,Kieran,Bahamas,16/09/2007,Lacus Institute,Human Resources
693,Eleanor,Bahrain,07/01/1976,Duis Foundation,Sales and Marketing
694,Brenna,Mayotte,11/10/1987,Amet Diam Associates,Human Resources
695,Rogan,Kenya,06/12/1996,Nunc Associates,Customer Relations
696,Regina,"Korea, South",19/03/1982,Fermentum Institute,Human Resources
697,Risa,Jersey,24/09/1976,Morbi Institute,Quality Assurance
698,Samuel,Bulgaria,04/06/1969,Cum Sociis Institute,Finances
699,Hiroko,Bahamas,15/10/1999,Nulla Foundation,Legal Department
700,Lana,"Korea, North",19/10/1982,Ut Cursus Luctus Corporation,Human Resources
701,Eden,Samoa,04/06/2010,Maecenas Ltd,Research and Development
702,Xena,Cuba,24/02/1988,Ligula Nullam Ltd,Tech Support
703,Carl,Liechtenstein,10/05/1973,Conubia Nostra Incorporated,Sales and Marketing
704,Yael,Guinea,01/04/1968,Mauris Industries,Public Relations
705,Scarlett,Haiti,23/10/2012,Ut Consulting,Legal Department
706,Nissim,Christmas Island,03/09/1965,Quis Diam Institute,Legal Department
707,Kiayada,Zambia,19/10/2013,Luctus Et PC,Legal Department
708,Keiko,Mauritania,01/12/2015,Aenean Egestas Associates,Finances
709,Ginger,"Virgin Islands, British",21/03/1998,Vel Lectus Associates,Public Relations
710,Laith,Tunisia,27/11/1975,Nulla Company,Public Relations
711,Kimberley,Trinidad and Tobago,06/04/1970,Aliquam Arcu LLP,Quality Assurance
712,Elaine,Montenegro,30/09/1986,Aenean Egestas Corp.,Research and Development
713,Nicole,French Guiana,11/10/1992,Justo Proin PC,Human Resources
714,Sierra,Philippines,18/08/1998,Ut Company,Research and Development
715,Arden,Tunisia,29/05/2006,Lacus Aliquam Rutrum Company,Human Resources
716,Marcia,Saint Kitts and Nevis,12/06/2002,Dictum Corp.,Human Resources
717,Laurel,Ghana,14/01/1987,Feugiat Tellus Foundation,Sales and Marketing
718,Kermit,Pitcairn Islands,19/10/1993,Non Quam Incorporated,Tech Support
719,Keegan,Bolivia,17/03/2007,Ornare Corp.,Customer Relations
720,Cora,Svalbard and Jan Mayen Islands,21/06/1981,Pretium Neque Morbi Associates,Finances
721,Tara,Macao,05/07/1988,Et Foundation,Research and Development
722,Chester,United States,02/04/1972,Varius Nam Foundation,Finances
723,Dexter,Angola,17/03/1966,Mauris Consulting,Legal Department
724,Oliver,Nicaragua,15/09/1995,Vitae Incorporated,Research and Development
725,Castor,Belgium,22/07/1966,Sed Congue Elit Ltd,Finances
726,Marcia,Dominican Republic,17/09/1967,Convallis Est Limited,Customer Relations
727,Daquan,Bolivia,05/05/1961,At Fringilla PC,Tech Support
728,Yetta,Mauritius,15/11/1982,Lacinia Mattis Integer Inc.,Quality Assurance
729,Evan,Albania,30/03/2016,Hendrerit Corp.,Research and Development
730,Coby,Ireland,06/08/2015,Semper PC,Human Resources
731,Damon,"Virgin Islands, British",21/06/2005,Non Luctus Sit Limited,Finances
732,Byron,Taiwan,31/07/2014,Tempor Erat Limited,Quality Assurance
733,Heather,French Polynesia,06/08/1988,Interdum Company,Finances
734,Micah,Cayman Islands,30/10/1962,At Iaculis Quis LLC,Public Relations
735,Portia,Tajikistan,06/07/1989,Orci Incorporated,Public Relations
736,Xandra,Mexico,09/02/1996,Nec LLC,Customer Relations
737,Eric,Israel,14/12/2015,In Associates,Legal Department
738,Cheyenne,Monaco,14/01/2006,Feugiat Ltd,Tech Support
739,Quon,Albania,05/06/1966,Tortor At Risus Corporation,Quality Assurance
740,Tamara,Peru,07/02/1967,Ac Incorporated,Customer Relations
741,Elmo,Martinique,09/02/1992,Est Congue Company,Legal Department
742,Hasad,Guatemala,12/06/1966,Dui Corporation,Customer Relations
743,Jocelyn,Iraq,03/02/2002,Ipsum Suspendisse Foundation,Tech Support
744,Serina,Swaziland,30/07/2004,In Dolor Fusce Industries,Quality Assurance
745,Zia,Trinidad and Tobago,16/06/2010,Amet Consectetuer Adipiscing Corporation,Tech Support
746,Maggy,Cook Islands,19/04/1980,Ornare Facilisis LLC,Tech Support
747,Hilary,Lesotho,27/09/1979,Rhoncus Nullam Inc.,Finances
748,Cynthia,Macao,18/12/1972,Sed Et Libero PC,Public Relations
749,Shoshana,Bahamas,01/01/1963,Neque Corporation,Customer Relations
750,Mikayla,Kiribati,31/07/1973,Elit Pretium Incorporated,Research and Development
751,Elton,Seychelles,11/12/2013,Eleifend Egestas Industries,Research and Development
752,Denton,Gambia,27/08/2008,Class Aptent PC,Public Relations
753,Edan,Niue,20/10/1971,Vel Vulputate Incorporated,Research and Development
754,Kelly,Laos,13/03/1992,Ultrices Mauris Inc.,Sales and Marketing
755,Graham,Nicaragua,11/10/1980,Lacus Quisque Industries,Sales and Marketing
756,Cleo,Afghanistan,04/07/1982,Semper Auctor Mauris Company,Public Relations
757,Azalia,Switzerland,27/02/2010,Aliquam Ultrices Consulting,Tech Support
758,Dorothy,Kuwait,21/03/2013,Proin Mi Aliquam Industries,Human Resources
759,Walker,Nicaragua,26/10/1990,Ipsum Ac Mi PC,Research and Development
760,Hunter,Reunion,07/07/1966,Ante Vivamus Non Institute,Public Relations
761,Montana,Sri Lanka,19/01/1969,Quam Dignissim Pharetra Foundation,Quality Assurance
762,Lance,Portugal,28/10/1994,Luctus Aliquet PC,Legal Department
763,Macon,Laos,24/06/2006,Eget Industries,Human Resources
764,Cameron,Poland,02/09/2003,Libero Corporation,Public Relations
765,Fitzgerald,Madagascar,22/09/1963,Suspendisse Corporation,Research and Development
766,Carolyn,Chad,28/09/1992,Ac Mattis Corp.,Tech Support
767,Blaine,Botswana,04/06/1975,Ac Inc.,Research and Development
768,Halla,Rwanda,23/09/1996,Vitae Sodales At Company,Public Relations
769,Reese,Romania,18/02/1983,Fusce Fermentum Fermentum Limited,Research and Development
770,Larissa,Costa Rica,18/09/1985,Vivamus Nibh Company,Customer Relations
771,Glenna,Iran,07/05/1999,Erat Nonummy Ltd,Sales and Marketing
772,Hedda,Mali,15/10/2007,Quisque Corporation,Sales and Marketing
773,Christian,Argentina,20/07/2006,Dapibus Rutrum Justo LLP,Customer Relations
774,Amery,Nigeria,14/08/2005,Blandit Mattis Cras Institute,Legal Department
775,Elliott,Bahrain,10/01/1970,Tellus Id Associates,Sales and Marketing
776,Abbot,Belize,24/03/2016,Pede Malesuada Vel Inc.,Sales and Marketing
777,Ifeoma,Greenland,18/05/2013,Non Vestibulum Nec Institute,Human Resources
778,Reed,Zimbabwe,05/04/2000,Bibendum Sed Est Institute,Research and Development
779,Hollee,Bahamas,04/03/2008,Bibendum Donec Ltd,Research and Development
780,Helen,Svalbard and Jan Mayen Islands,27/08/2015,Inceptos Hymenaeos Mauris LLP,Research and Development
781,Vaughan,Ireland,08/12/2013,Vivamus Non Institute,Sales and Marketing
782,Mason,Ghana,30/05/2006,Et Malesuada Fames Foundation,Legal Department
783,Marvin,French Guiana,05/04/1961,Nulla Company,Tech Support
784,Hayden,El Salvador,30/07/1996,Magna Tellus Ltd,Finances
785,Vera,Switzerland,11/03/2001,Proin Vel LLC,Legal Department
786,Melodie,Christmas Island,08/04/1978,Ac Risus PC,Finances
787,Cruz,Timor-Leste,12/03/1984,Sapien Company,Finances
788,Quin,Saint Martin,13/02/1969,Molestie Dapibus Industries,Finances
789,Ivy,Pitcairn Islands,05/12/1971,Orci Ut Limited,Finances
790,Naomi,Northern Mariana Islands,19/07/1996,Aliquam Enim Nec Corporation,Tech Support
791,Kimberly,Sweden,29/04/1968,Ullamcorper PC,Tech Support
792,Asher,Monaco,28/10/2005,Arcu Sed Incorporated,Customer Relations
793,Kay,Hungary,06/09/1969,A Facilisis Incorporated,Customer Relations
794,Jennifer,Chad,06/02/2006,Tortor Corp.,Finances
795,Emerson,Saint Lucia,24/01/1998,Scelerisque Limited,Finances
796,Abbot,United States Minor Outlying Islands,22/03/2000,Ornare Placerat Orci Institute,Research and Development
797,Gail,Brazil,01/12/2006,Consectetuer Ipsum Institute,Customer Relations
798,Basil,Djibouti,02/04/1990,Cursus Et Eros Associates,Finances
799,Iliana,Faroe Islands,06/07/1962,Auctor Non Ltd,Finances
800,Chaney,Saint Vincent and The Grenadines,25/02/2004,Tellus Justo Ltd,Sales and Marketing
801,Xaviera,Singapore,18/04/1994,Aliquam Adipiscing Company,Public Relations
802,Laura,Greenland,21/06/2002,Dui Nec Foundation,Customer Relations
803,MacKensie,Indonesia,20/04/1987,Mauris Foundation,Sales and Marketing
804,Judith,Cambodia,22/11/1991,Adipiscing Enim Corp.,Public Relations
805,Ruby,Nicaragua,04/10/1966,Mattis Cras Eget Inc.,Quality Assurance
806,Michelle,Sudan,29/03/2015,Eu Erat Semper LLP,Legal Department
807,Damian,Pakistan,25/09/1973,Ut Sagittis Inc.,Customer Relations
808,Willow,Micronesia,09/10/1982,A Ultricies Inc.,Finances
809,Byron,South Sudan,16/06/1993,Dolor Consulting,Sales and Marketing
810,Carson,Faroe Islands,03/12/1981,Sed Leo Inc.,Tech Support
811,Davis,Mayotte,21/12/2010,Urna Nullam LLC,Finances
812,Cathleen,Georgia,24/10/2005,Augue Scelerisque Consulting,Research and Development
813,Bree,Philippines,22/01/2014,Nam Interdum Enim Foundation,Quality Assurance
814,Callum,Tonga,25/10/1968,Dignissim Ltd,Quality Assurance
815,Audrey,Morocco,10/09/2002,Fusce Aliquam Enim Ltd,Legal Department
816,Abra,Reunion,12/07/1970,Morbi Non Sapien Foundation,Sales and Marketing
817,TaShya,Latvia,27/08/1973,Posuere Cubilia Foundation,Public Relations
818,Kimberley,Svalbard and Jan Mayen Islands,01/08/1984,Vehicula Inc.,Sales and Marketing
819,Gannon,Taiwan,26/02/1997,Lacinia Mattis Industries,Finances
820,Justine,China,01/03/1977,Convallis In PC,Research and Development
821,Allegra,Western Sahara,13/06/1983,Sed Pharetra PC,Quality Assurance
822,Grady,United States Minor Outlying Islands,01/07/2003,Sem Nulla Institute,Legal Department
823,Amena,Isle of Man,20/09/1982,Eu Corp.,Customer Relations
824,Jerome,Serbia,08/05/2006,Lacus Cras Interdum LLC,Public Relations
825,Cally,Trinidad and Tobago,10/11/1972,Sed Institute,Public Relations
826,Brianna,Indonesia,06/01/1987,Metus In Lorem Company,Public Relations
827,McKenzie,Kazakhstan,06/12/1981,Vitae Sodales Incorporated,Tech Support
828,Declan,"Virgin Islands, United States",12/07/1969,Ac Facilisis LLP,Tech Support
829,Francis,Montserrat,24/03/1979,Habitant Company,Sales and Marketing
830,Raja,United States,20/02/1970,Dictum Cursus Nunc LLC,Customer Relations
831,Mariam,Greenland,06/01/2008,Ac Feugiat Inc.,Finances
832,Kelsey,Liechtenstein,01/10/1984,Consequat Lectus Sit LLP,Quality Assurance
833,Hamilton,Thailand,24/06/2000,Suspendisse Aliquet Molestie Inc.,Legal Department
834,Maile,Côte D'Ivoire (Ivory Coast),14/06/2004,Quis Accumsan Convallis Foundation,Research and Development
835,Alana,Gambia,09/07/1979,Sit Amet Faucibus Company,Quality Assurance
836,Sawyer,Indonesia,14/04/2015,Arcu Ac LLP,Research and Development
837,Mallory,Senegal,12/02/1998,Dui Nec Corporation,Tech Support
838,Fatima,Jersey,19/02/2005,Curabitur Dictum Phasellus Foundation,Quality Assurance
839,Gareth,Cameroon,02/03/1997,Augue Malesuada Associates,Quality Assurance
840,Coby,United Arab Emirates,08/04/2002,Metus Incorporated,Research and Development
841,Hadley,Germany,01/11/1976,Sem Limited,Finances
842,Willa,Saint Vincent and The Grenadines,03/05/1969,Commodo Ipsum Suspendisse PC,Public Relations
843,Uriel,Seychelles,18/12/1973,Porttitor Incorporated,Human Resources
844,Ishmael,United States Minor Outlying Islands,19/10/1991,Bibendum Fermentum Metus Ltd,Tech Support
845,Jade,Greece,07/07/1986,Ornare In Faucibus Incorporated,Public Relations
846,Lisandra,Saint Pierre and Miquelon,04/05/2002,Vel Associates,Quality Assurance
847,Daquan,Christmas Island,17/12/1986,Pharetra Inc.,Sales and Marketing
848,Tana,Turks and Caicos Islands,02/07/1968,Massa Institute,Public Relations
849,Nasim,"Saint Helena, Ascension and Tristan da Cunha",10/02/1982,Et Ipsum Cursus Incorporated,Sales and Marketing
850,Kristen,Moldova,24/07/1981,Sed Est Limited,Finances
851,MacKensie,Monaco,10/10/1963,Sem Ut Dolor LLP,Public Relations
852,Thaddeus,Peru,17/09/1968,Accumsan Laoreet Limited,Quality Assurance
853,Nathan,Estonia,21/10/1997,Risus Morbi Ltd,Public Relations
854,Aurelia,Kenya,13/12/1974,Ac Institute,Finances
855,Joseph,Jersey,29/03/1961,Ultrices Consulting,Customer Relations
856,Vladimir,Cuba,24/07/1965,Dui Quis PC,Research and Development
857,Cameron,Afghanistan,22/09/1965,Vel Associates,Human Resources
858,Zane,Ghana,23/04/1961,Sagittis Lobortis Mauris Associates,Sales and Marketing
859,Cruz,Tanzania,05/07/1973,Lorem Ipsum Sodales Inc.,Human Resources
860,Nayda,Greenland,17/06/1968,Mi Lorem Vehicula Limited,Sales and Marketing
861,Lacey,Martinique,12/12/1999,Sollicitudin Inc.,Tech Support
862,Nigel,Nicaragua,03/02/1966,A Purus Duis Limited,Tech Support
863,Aspen,Australia,19/04/1965,Tincidunt Tempus Risus Corp.,Sales and Marketing
864,Hu,Maldives,06/04/1981,Aliquet Lobortis Inc.,Human Resources
865,Alexandra,Ireland,10/07/1979,Ornare Placerat Corporation,Customer Relations
866,Ray,Bosnia and Herzegovina,23/12/1961,Vitae Aliquam LLP,Finances
867,Dara,Zimbabwe,01/12/1988,Tempor Inc.,Quality Assurance
868,Keith,Solomon Islands,01/06/1965,Donec Est Mauris PC,Quality Assurance
869,Beatrice,Heard Island and Mcdonald Islands,27/09/1970,Nunc Industries,Legal Department
870,Ulla,Brazil,29/08/1966,Ultrices Sit LLP,Human Resources
871,Isaiah,Uruguay,21/08/1967,Neque PC,Customer Relations
872,Chaim,Angola,16/02/1975,In Dolor PC,Quality Assurance
873,Keiko,Costa Rica,14/07/1984,Duis Ac Consulting,Tech Support
874,Jordan,Sudan,27/07/2014,Sed Leo Cras Company,Customer Relations
875,Emi,Angola,17/04/2006,Sit Amet Lorem PC,Finances
876,Ursula,United States Minor Outlying Islands,22/11/2008,Auctor PC,Legal Department
877,Lev,Kyrgyzstan,24/05/1986,Mauris Rhoncus Consulting,Customer Relations
878,Madison,Viet Nam,19/12/1994,Mollis Associates,Legal Department
879,Marcia,Sudan,09/12/1963,Arcu Morbi LLP,Finances
880,Constance,Iceland,09/04/1968,Pede LLP,Research and Development
881,Autumn,French Guiana,23/08/1988,Faucibus Orci Luctus Company,Public Relations
882,Ora,Ethiopia,17/01/2006,Non Dapibus Rutrum Incorporated,Quality Assurance
883,Macy,Guyana,29/05/2000,Nascetur Ltd,Legal Department
884,Avye,Belarus,21/03/2009,Pellentesque LLC,Public Relations
885,Salvador,Timor-Leste,17/08/2003,Lacinia Ltd,Legal Department
886,Alvin,Qatar,26/10/1989,Donec Consulting,Finances
887,Erich,Ecuador,07/01/1997,Sociis Associates,Legal Department
888,Fritz,"Congo, the Democratic Republic of the",10/08/2008,Est Congue A Corp.,Quality Assurance
889,Audra,Montserrat,03/03/1967,Tempus Risus Consulting,Public Relations
890,Norman,Sierra Leone,31/05/1988,Viverra Company,Sales and Marketing
891,Abigail,Åland Islands,15/09/1996,Mus Proin Vel PC,Customer Relations
892,Vielka,Laos,25/04/2007,Enim Limited,Customer Relations
893,Caleb,Ireland,29/08/1963,Lobortis Mauris Suspendisse Ltd,Finances
894,Quinn,Guam,19/01/1999,Gravida Aliquam Incorporated,Legal Department
895,Hedley,Iraq,27/12/1963,Sit Amet Dapibus Industries,Human Resources
896,Ingrid,Puerto Rico,20/04/2000,Tortor At Corporation,Quality Assurance
897,Tashya,Kyrgyzstan,30/07/2009,Ac Facilisis Facilisis Corporation,Public Relations
898,Keely,Brunei,07/04/2004,Ullamcorper Institute,Finances
899,Hunter,Egypt,06/01/2011,Lobortis Tellus Justo Associates,Research and Development
900,Warren,Ireland,22/04/2000,Suspendisse Consulting,Quality Assurance
901,Kermit,Mozambique,18/04/2004,Sem Vitae Aliquam Industries,Human Resources
902,Bo,Côte D'Ivoire (Ivory Coast),29/12/1998,Ut Pellentesque Eget Corporation,Tech Support
903,Lila,Malta,25/03/1969,Vitae Risus Duis Company,Public Relations
904,Graiden,Thailand,19/10/1977,Orci Incorporated,Tech Support
905,Elmo,Dominica,27/04/1985,Vehicula Incorporated,Research and Development
906,Geraldine,Bolivia,30/06/1984,Aliquet Sem Company,Tech Support
907,Walter,Kyrgyzstan,11/04/1985,Luctus Institute,Legal Department
908,Summer,Uzbekistan,17/08/1975,Orci Sem PC,Sales and Marketing
909,Rose,Tuvalu,07/08/2003,Sed Dictum Proin Industries,Tech Support
910,Chelsea,Ghana,01/01/1984,Mauris Vestibulum Neque Consulting,Legal Department
911,Kasper,Andorra,04/06/1967,Pede Nonummy Ut Associates,Human Resources
912,Noel,United Arab Emirates,29/04/1976,Morbi Sit Inc.,Finances
913,Gloria,Belarus,13/04/2013,Lobortis Tellus Justo Company,Public Relations
914,Donna,Vanuatu,31/05/1989,Dolor Fusce Mi Industries,Tech Support
915,Brenda,Sint Maarten,07/01/1987,Massa Rutrum Magna Inc.,Tech Support
916,Derek,Guinea,22/01/1962,Cras Company,Public Relations
917,Caryn,Kyrgyzstan,21/02/2004,Dolor Dolor Tempus Ltd,Research and Development
918,Troy,Philippines,31/08/1966,Nisl Elementum Corp.,Quality Assurance
919,Kristen,Bahrain,24/09/1970,Porta Elit A Foundation,Finances
920,Ima,Iraq,13/09/1961,Tincidunt Congue Limited,Sales and Marketing
921,Kathleen,Finland,09/09/1975,Semper Associates,Research and Development
922,Gary,Ecuador,30/11/1974,Augue Company,Human Resources
923,Quin,Qatar,01/05/2005,Ante Lectus Convallis Corp.,Customer Relations
924,Hasad,Swaziland,03/02/1986,Morbi Accumsan Foundation,Tech Support
925,Doris,Taiwan,10/01/1989,Orci Lacus Associates,Human Resources
926,Alea,Mozambique,29/04/2014,Natoque Penatibus Corporation,Human Resources
927,Debra,Congo (Brazzaville),27/07/1998,Massa Vestibulum Accumsan Associates,Finances
928,Shad,Equatorial Guinea,23/02/2006,Penatibus Industries,Research and Development
929,Jessamine,Latvia,02/06/1976,Ac LLP,Customer Relations
930,Jana,Libya,05/05/1994,Libero Foundation,Customer Relations
931,Isadora,India,12/07/1965,Et Ipsum Cursus Corp.,Customer Relations
932,Curran,Grenada,16/05/2015,Magna Cras Institute,Human Resources
933,Kennedy,Algeria,08/09/1999,Nisi Mauris PC,Tech Support
934,Shelley,Uzbekistan,22/09/1997,Felis Ullamcorper Viverra Industries,Human Resources
935,Dillon,Algeria,17/10/1975,Enim Sed Nulla Inc.,Sales and Marketing
936,Linda,Aruba,16/05/1981,Nunc Id PC,Tech Support
937,Adam,Estonia,10/03/1969,Lorem LLP,Tech Support
938,Thor,Monaco,09/10/1989,In Cursus PC,Legal Department
939,Kaitlin,Croatia,29/05/1969,Nec Leo Ltd,Human Resources
940,Jamal,Israel,30/06/1996,Suspendisse Industries,Finances
941,Jena,Mozambique,29/09/1966,Vulputate Lacus Cras Inc.,Human Resources
942,Joelle,South Georgia and The South Sandwich Islands,28/08/1961,Eu Turpis Nulla PC,Customer Relations
943,Brynn,Chile,27/01/1972,A Odio Semper LLP,Human Resources
944,Hoyt,Saint Lucia,25/08/1974,Libero Et Inc.,Customer Relations
945,Josiah,French Southern Territories,28/10/1998,Aliquam Adipiscing Lobortis Industries,Tech Support
946,Sigourney,Luxembourg,27/02/1984,Nec Consulting,Quality Assurance
947,Olympia,Antarctica,12/11/2013,Sollicitudin Ltd,Public Relations
948,Melanie,Mayotte,25/02/1981,Auctor Nunc Nulla Industries,Sales and Marketing
949,Channing,Japan,07/07/1973,Erat LLC,Customer Relations
950,Timothy,Angola,14/11/1978,Orci Luctus Et Institute,Sales and Marketing
951,Bo,Tokelau,13/08/1975,Donec LLC,Quality Assurance
952,Wayne,"Virgin Islands, British",16/11/1969,Mauris Corporation,Human Resources
953,Keaton,Venezuela,06/12/2005,Volutpat Industries,Finances
954,Isabelle,Macao,10/09/1964,Lobortis Class Aptent Corporation,Sales and Marketing
955,Ila,Marshall Islands,17/06/1988,Consequat Auctor Associates,Sales and Marketing
956,Kylee,Ireland,02/08/1967,Lorem Eu Metus LLC,Tech Support
957,Plato,Timor-Leste,09/08/1997,Mauris Rhoncus Ltd,Finances
958,Felix,Solomon Islands,07/08/1964,In Hendrerit LLC,Legal Department
959,Nadine,French Guiana,09/01/1986,Amet Consectetuer Adipiscing Ltd,Finances
960,Colby,Northern Mariana Islands,09/08/1999,Nec Quam Curabitur Ltd,Human Resources
961,Graham,Ireland,26/09/1964,Volutpat Ornare Facilisis Limited,Finances
962,Guinevere,Netherlands,30/07/1967,Suspendisse LLP,Human Resources
963,Noble,Suriname,17/10/1968,Ultrices PC,Quality Assurance
964,Vielka,Tuvalu,24/10/1999,Tincidunt Limited,Research and Development
965,Sylvia,Viet Nam,23/08/1992,Et Rutrum Foundation,Sales and Marketing
966,Amelia,Maldives,23/05/2003,Sapien Ltd,Public Relations
967,Germaine,Tajikistan,07/04/1991,Metus Urna Convallis Institute,Human Resources
968,Geraldine,Guyana,21/03/1988,Enim Curabitur Foundation,Customer Relations
969,Oprah,Timor-Leste,02/10/1961,Ridiculus Mus Proin LLC,Finances
970,Beau,Denmark,14/04/1973,Magnis Dis Inc.,Finances
971,Kirby,Paraguay,29/09/1969,Molestie Arcu Sed Consulting,Sales and Marketing
972,Lois,Canada,28/08/2001,Aliquam Institute,Sales and Marketing
973,Aurelia,Western Sahara,30/09/1962,Eu Foundation,Sales and Marketing
974,Octavius,Malaysia,16/01/1998,Ut Dolor Company,Quality Assurance
975,Yardley,Liechtenstein,01/02/2005,Luctus Incorporated,Customer Relations
976,Zane,Saint Lucia,04/03/1973,Arcu Corp.,Quality Assurance
977,TaShya,Central African Republic,14/02/1992,Nunc Mauris Corporation,Finances
978,Shea,Ghana,12/02/2007,Velit Justo Incorporated,Tech Support
979,Fritz,Barbados,02/06/1985,Vulputate Ullamcorper Magna Institute,Research and Development
980,Zena,Cameroon,17/01/2016,Amet Risus Institute,Tech Support
981,Fuller,Pitcairn Islands,29/04/2004,Vel Consulting,Legal Department
982,Linda,"Congo, the Democratic Republic of the",17/05/2003,Non Bibendum Corp.,Human Resources
983,Sandra,"Virgin Islands, British",16/11/1982,Massa Lobortis Consulting,Human Resources
984,Yetta,Malawi,18/02/1997,Integer Eu Lacus Inc.,Human Resources
985,Willow,Mozambique,23/05/1963,Risus In Limited,Legal Department
986,Rose,Guatemala,23/12/1960,Auctor LLC,Public Relations
987,Isaac,Angola,03/03/2000,Rhoncus Donec Est Consulting,Public Relations
988,Lee,Sri Lanka,16/03/1971,Nisl Industries,Human Resources
989,Laura,New Caledonia,26/07/1978,Rhoncus Company,Customer Relations
990,Emily,Canada,14/08/1978,Dolor Company,Quality Assurance
991,Ursa,Madagascar,23/02/1974,Fermentum Vel Associates,Sales and Marketing
992,Lucy,Switzerland,02/07/1997,Dolor Quisque Foundation,Tech Support
993,Tanisha,Costa Rica,16/06/2009,Nulla Integer Urna Inc.,Legal Department
994,Rajah,Estonia,16/09/1979,Quis Corp.,Human Resources
995,Veda,Faroe Islands,01/09/1977,Malesuada Integer Id Limited,Legal Department
996,Kelsie,Jamaica,29/08/1999,Morbi LLC,Finances
997,Alexander,Canada,22/05/2014,Integer Institute,Legal Department
998,Willa,Faroe Islands,11/01/1973,Proin Vel Corporation,Finances
999,Olivia,Bahamas,09/05/1974,Urna Convallis Erat Institute,Human Resources
1000,Juliet,Niger,11/07/2010,Non Sollicitudin A Corp.,Quality Assurance
