<?xml version="1.0" encoding="UTF-8"?>
<beans xmlns="http://www.springframework.org/schema/beans"
	xmlns:xsi="http://www.w3.org/2001/XMLSchema-instance" 
	xmlns:batch="http://www.springframework.org/schema/batch"
	xmlns:context="http://www.springframework.org/schema/context"
	xmlns:jdbc="http://www.springframework.org/schema/jdbc"
	xsi:schemaLocation="
		http://www.springframework.org/schema/batch http://www.springframework.org/schema/batch/spring-batch-2.1.xsd
		http://www.springframework.org/schema/jdbc http://www.springframework.org/schema/jdbc/spring-jdbc-3.0.xsd
		http://www.springframework.org/schema/beans http://www.springframework.org/schema/beans/spring-beans-3.0.xsd
		http://www.springframework.org/schema/context http://www.springframework.org/schema/context/spring-context-3.0.xsd">

	<context:property-placeholder location="classpath:batch.properties" />

	<context:component-scan base-package="com.keyhole.example" />

	<jdbc:initialize-database data-source="dataSource">
		<jdbc:script location="${batch.schema.script}" />
	</jdbc:initialize-database>

	<batch:job-repository id="jobRepository" />

	<import resource="classpath:/META-INF/spring/module-context.xml" />
	<import resource="classpath:/META-INF/spring/poi-example-context.xml" />
	<import resource="classpath:/META-INF/spring/partition-example-context.xml" />



</beans>
