{"properties": [
  {
    "name": "endpoints.all.enabled",
    "type": "java.lang.Boolean",
    "description": "Enable all endpoints.",
    "defaultValue": true
  },
  {
    "name": "endpoints.all.jmx.enabled",
    "type": "java.lang.Boolean",
    "description": "Enable all endpoints as JMX MBeans.",
    "defaultValue": true
  },
  {
    "name": "endpoints.all.web.enabled",
    "type": "java.lang.Boolean",
    "description": "Enable all endpoints as Web endpoints.",
    "defaultValue": false
  },
  {
    "name": "endpoints.configprops.keys-to-sanitize",
    "type": "java.lang.String[]",
    "sourceType": "org.springframework.boot.actuate.endpoint.ConfigurationPropertiesReportEndpoint",
    "description": "Keys that should be sanitized. Keys can be simple strings that the property ends with or regex expressions.",
    "defaultValue": [
      "password",
      "secret",
      "key",
      "token",
      ".*credentials.*",
      "vcap_services"
    ]
  },
  {
    "name": "endpoints.env.keys-to-sanitize",
    "type": "java.lang.String[]",
    "sourceType": "org.springframework.boot.actuate.endpoint.EnvironmentEndpoint",
    "description": "Keys that should be sanitized. Keys can be simple strings that the property ends with or regex expressions.",
    "defaultValue": [
      "password",
      "secret",
      "key",
      "token",
      ".*credentials.*",
      "vcap_services"
    ]
  },
  {
    "name": "endpoints.metrics.filter.enabled",
    "type": "java.lang.Boolean",
    "description": "Enable the metrics servlet filter.",
    "defaultValue": true
  },
  {
	"name": "endpoints.trace.filter.enabled",
	"type": "java.lang.Boolean",
	"description": "Enable the trace servlet filter.",
	"defaultValue": true
  },
  {
    "name": "info",
    "type": "java.util.Map<java.lang.String,java.lang.Object>",
    "description": "Arbitrary properties to add to the info endpoint."
  },
  {
    "name": "management.cloudfoundry.enabled",
    "type": "java.lang.Boolean",
    "description": "Enable extended Cloud Foundry actuator endpoints.",
    "defaultValue": true
  },
  {
    "name": "management.cloudfoundry.skip-ssl-validation",
    "type": "java.lang.Boolean",
    "description": "Skip SSL verification for Cloud Foundry actuator endpoint security calls.",
    "defaultValue": false
  },
  {
    "name": "management.health.cassandra.enabled",
    "type": "java.lang.Boolean",
    "description": "Enable cassandra health check.",
    "defaultValue": true
  },
  {
    "name": "management.health.couchbase.enabled",
    "type": "java.lang.Boolean",
    "description": "Enable couchbase health check.",
    "defaultValue": true
  },
  {
    "name": "management.health.db.enabled",
    "type": "java.lang.Boolean",
    "description": "Enable database health check.",
    "defaultValue": true
  },
  {
    "name": "management.health.defaults.enabled",
    "type": "java.lang.Boolean",
    "description": "Enable default health indicators.",
    "defaultValue": true
  },
  {
    "name": "management.health.diskspace.enabled",
    "type": "java.lang.Boolean",
    "description": "Enable disk space health check.",
    "defaultValue": true
  },
  {
    "name": "management.health.elasticsearch.enabled",
    "type": "java.lang.Boolean",
    "description": "Enable elasticsearch health check.",
    "defaultValue": true
  },
  {
    "name": "management.health.jms.enabled",
    "type": "java.lang.Boolean",
    "description": "Enable JMS health check.",
    "defaultValue": true
  },
  {
    "name": "management.health.ldap.enabled",
    "type": "java.lang.Boolean",
    "description": "Enable LDAP health check.",
    "defaultValue": true
  },
  {
    "name": "management.health.mongo.enabled",
    "type": "java.lang.Boolean",
    "description": "Enable MongoDB health check.",
    "defaultValue": true
  },
  {
    "name": "management.health.rabbit.enabled",
    "type": "java.lang.Boolean",
    "description": "Enable RabbitMQ health check.",
    "defaultValue": true
  },
  {
    "name": "management.health.redis.enabled",
    "type": "java.lang.Boolean",
    "description": "Enable Redis health check.",
    "defaultValue": true
  },
  {
    "name": "management.health.solr.enabled",
    "type": "java.lang.Boolean",
    "description": "Enable Solr health check.",
    "defaultValue": true
  },
  {
    "name": "management.health.mail.enabled",
    "type": "java.lang.Boolean",
    "description": "Enable Mail health check.",
    "defaultValue": true
  },
  {
    "name": "management.health.neo4j.enabled",
    "type": "java.lang.Boolean",
    "description": "Enable Neo4j health check.",
    "defaultValue": true
  },
  {
    "name": "management.info.build.enabled",
    "type": "java.lang.Boolean",
    "description": "Enable build info.",
    "defaultValue": true
  },
  {
    "name": "management.info.defaults.enabled",
    "type": "java.lang.Boolean",
    "description": "Enable default info contributors.",
    "defaultValue": true
  },
  {
    "name": "management.info.env.enabled",
    "type": "java.lang.Boolean",
    "description": "Enable environment info.",
    "defaultValue": true
  },
  {
    "name": "management.info.git.enabled",
    "type": "java.lang.Boolean",
    "description": "Enable git info.",
    "defaultValue": true
  },
  {
    "name": "management.info.git.mode",
    "defaultValue": "simple"
  },
  {
    "name": "management.security.sessions",
    "defaultValue": "stateless"
  },
  {
    "name": "spring.git.properties",
    "type": "java.lang.String",
    "description": "Resource reference to a generated git info properties file.",
    "deprecation": {
      "replacement": "spring.info.git.location"
    }
  },
  {
    "name": "endpoints.actuator.enabled",
    "type": "java.lang.Boolean",
    "description": "Enable the endpoint.",
    "deprecation": {
      "reason": "The \"actuator\" endpoint is no longer available.",
      "level": "error"
    }
  },
  {
    "name": "endpoints.actuator.path",
    "type": "java.lang.String",
    "description": "Endpoint URL path.",
    "deprecation": {
      "reason": "The \"actuator\" endpoint is no longer available.",
      "level": "error"
    }
  },
  {
    "name": "endpoints.actuator.sensitive",
    "type": "java.lang.Boolean",
    "description": "Mark if the endpoint exposes sensitive information.",
    "deprecation": {
      "reason": "The \"actuator\" endpoint is no longer available.",
      "level": "error"
    }
  },
  {
    "name": "endpoints.auditevents.path",
    "type": "java.lang.String",
    "description": "Endpoint URL path.",
    "deprecation": {
      "reason": "Endpoint path is no longer customizable.",
      "level": "error"
    }
  },
  {
    "name": "endpoints.auditevents.sensitive",
    "type": "java.lang.Boolean",
    "description": "Mark if the endpoint exposes sensitive information.",
    "deprecation": {
      "reason": "Endpoint sensitive flag is no longer customizable as Spring Boot no longer provides a customizable security auto-configuration\n. Create or adapt your security configuration accordingly.",
      "level": "error"
    }
  },
  {
    "name": "endpoints.autoconfig.id",
    "type": "java.lang.String",
    "description": "Endpoint identifier. With HTTP monitoring the identifier of the endpoint is mapped\n to a URL (e.g. 'foo' is mapped to '/foo').",
    "deprecation": {
      "reason": "Endpoint identifier is no longer customizable.",
      "level": "error"
    }
  },
  {
    "name": "endpoints.autoconfig.path",
    "type": "java.lang.String",
    "description": "Endpoint URL path.",
    "deprecation": {
      "reason": "Endpoint path is no longer customizable.",
      "level": "error"
    }
  },
  {
    "name": "endpoints.autoconfig.sensitive",
    "type": "java.lang.Boolean",
    "description": "Mark if the endpoint exposes sensitive information.",
    "deprecation": {
      "reason": "Endpoint sensitive flag is no longer customizable as Spring Boot no longer provides a customizable security auto-configuration\n. Create or adapt your security configuration accordingly.",
      "level": "error"
    }
  },
  {
    "name": "endpoints.beans.id",
    "type": "java.lang.String",
    "description": "Endpoint identifier. With HTTP monitoring the identifier of the endpoint is mapped\n to a URL (e.g. 'foo' is mapped to '/foo').",
    "deprecation": {
      "reason": "Endpoint identifier is no longer customizable.",
      "level": "error"
    }
  },
  {
    "name": "endpoints.beans.path",
    "type": "java.lang.String",
    "description": "Endpoint URL path.",
    "deprecation": {
      "reason": "Endpoint path is no longer customizable.",
      "level": "error"
    }
  },
  {
    "name": "endpoints.beans.sensitive",
    "type": "java.lang.Boolean",
    "description": "Mark if the endpoint exposes sensitive information.",
    "deprecation": {
      "reason": "Endpoint sensitive flag is no longer customizable as Spring Boot no longer provides a customizable security auto-configuration\n. Create or adapt your security configuration accordingly.",
      "level": "error"
    }
  },
  {
    "name": "endpoints.configprops.id",
    "type": "java.lang.String",
    "description": "Endpoint identifier. With HTTP monitoring the identifier of the endpoint is mapped\n to a URL (e.g. 'foo' is mapped to '/foo').",
    "deprecation": {
      "reason": "Endpoint identifier is no longer customizable.",
      "level": "error"
    }
  },
  {
    "name": "endpoints.configprops.path",
    "type": "java.lang.String",
    "description": "Endpoint URL path.",
    "deprecation": {
      "reason": "Endpoint path is no longer customizable.",
      "level": "error"
    }
  },
  {
    "name": "endpoints.configprops.sensitive",
    "type": "java.lang.Boolean",
    "description": "Mark if the endpoint exposes sensitive information.",
    "deprecation": {
      "reason": "Endpoint sensitive flag is no longer customizable as Spring Boot no longer provides a customizable security auto-configuration\n. Create or adapt your security configuration accordingly.",
      "level": "error"
    }
  },
  {
    "name": "endpoints.cors.allow-credentials",
    "type": "java.lang.Boolean",
    "description": "Set whether credentials are supported. When not set, credentials are not supported.",
    "deprecation": {
      "replacement": "management.endpoints.cors.allow-credentials",
      "level": "error"
    }
  },
  {
    "name": "endpoints.cors.allowed-headers",
    "type": "java.util.List<java.lang.String>",
    "description": "Comma-separated list of headers to allow in a request. '*' allows all headers.",
    "deprecation": {
      "replacement": "management.endpoints.cors.allowed-headers",
      "level": "error"
    }
  },
  {
    "name": "endpoints.cors.allowed-methods",
    "type": "java.util.List<java.lang.String>",
    "description": "Comma-separated list of methods to allow. '*' allows all methods. When not set,\n defaults to GET.",
    "deprecation": {
      "replacement": "management.endpoints.cors.allowed-methods",
      "level": "error"
    }
  },
  {
    "name": "endpoints.cors.allowed-origins",
    "type": "java.util.List<java.lang.String>",
    "description": "Comma-separated list of origins to allow. '*' allows all origins. When not set,\n CORS support is disabled.",
    "deprecation": {
      "replacement": "management.endpoints.cors.allowed-origins",
      "level": "error"
    }
  },
  {
    "name": "endpoints.cors.exposed-headers",
    "type": "java.util.List<java.lang.String>",
    "description": "Comma-separated list of headers to include in a response.",
    "deprecation": {
      "replacement": "management.endpoints.cors.exposed-headers",
      "level": "error"
    }
  },
  {
    "name": "endpoints.cors.max-age",
    "type": "java.lang.Long",
    "description": "How long, in seconds, the response from a pre-flight request can be cached by\n clients.",
    "defaultValue": 1800,
    "deprecation": {
      "replacement": "management.endpoints.cors.max-age",
      "level": "error"
    }
  },
  {
    "name": "endpoints.docs.curies.enabled",
    "type": "java.lang.Boolean",
    "description": "Enable the curie generation.",
    "defaultValue": false,
    "deprecation": {
      "reason": "The \"docs\" endpoint is no longer available.",
      "level": "error"
    }
  },
  {
    "name": "endpoints.docs.enabled",
    "type": "java.lang.Boolean",
    "description": "Enable the endpoint.",
    "deprecation": {
      "reason": "The \"docs\" endpoint is no longer available.",
      "level": "error"
    }
  },
  {
    "name": "endpoints.docs.path",
    "type": "java.lang.String",
    "description": "Endpoint URL path.",
    "deprecation": {
      "reason": "The \"docs\" endpoint is no longer available.",
      "level": "error"
    }
  },
  {
    "name": "endpoints.docs.sensitive",
    "type": "java.lang.Boolean",
    "description": "Mark if the endpoint exposes sensitive information.",
    "deprecation": {
      "reason": "The \"docs\" endpoint is no longer available.",
      "level": "error"
    }
  },
  {
    "name": "endpoints.dump.enabled",
    "type": "java.lang.Boolean",
    "description": "Enable the endpoint.",
    "deprecation": {
      "replacement": "endpoints.threaddump.enabled",
      "level": "error"
    }
  },
  {
    "name": "endpoints.dump.id",
    "type": "java.lang.String",
    "description": "Endpoint identifier. With HTTP monitoring the identifier of the endpoint is mapped\n to a URL (e.g. 'foo' is mapped to '/foo').",
    "deprecation": {
      "reason": "Endpoint identifier is no longer customizable.",
      "level": "error"
    }
  },
  {
    "name": "endpoints.dump.path",
    "type": "java.lang.String",
    "description": "Endpoint URL path.",
    "deprecation": {
      "reason": "Endpoint path is no longer customizable.",
      "level": "error"
    }
  },
  {
    "name": "endpoints.dump.sensitive",
    "type": "java.lang.Boolean",
    "description": "Mark if the endpoint exposes sensitive information.",
    "deprecation": {
      "reason": "Endpoint sensitive flag is no longer customizable as Spring Boot no longer provides a customizable security auto-configuration\n. Create or adapt your security configuration accordingly.",
      "level": "error"
    }
  },
  {
    "name": "endpoints.enabled",
    "type": "java.lang.Boolean",
    "description": "Enable endpoints.",
    "defaultValue": true,
    "deprecation": {
      "replacement": "endpoints.all.enabled",
      "level": "error"
    }
  },
  {
    "name": "endpoints.env.id",
    "type": "java.lang.String",
    "description": "Endpoint identifier. With HTTP monitoring the identifier of the endpoint is mapped\n to a URL (e.g. 'foo' is mapped to '/foo').",
    "deprecation": {
      "reason": "Endpoint identifier is no longer customizable.",
      "level": "error"
    }
  },
  {
    "name": "endpoints.env.path",
    "type": "java.lang.String",
    "description": "Endpoint URL path.",
    "deprecation": {
      "reason": "Endpoint path is no longer customizable.",
      "level": "error"
    }
  },
  {
    "name": "endpoints.env.sensitive",
    "type": "java.lang.Boolean",
    "description": "Mark if the endpoint exposes sensitive information.",
    "deprecation": {
      "reason": "Endpoint sensitive flag is no longer customizable as Spring Boot no longer provides a customizable security auto-configuration\n. Create or adapt your security configuration accordingly.",
      "level": "error"
    }
  },
  {
    "name": "endpoints.flyway.id",
    "type": "java.lang.String",
    "description": "Endpoint identifier. With HTTP monitoring the identifier of the endpoint is mapped\n to a URL (e.g. 'foo' is mapped to '/foo').",
    "deprecation": {
      "reason": "Endpoint identifier is no longer customizable.",
      "level": "error"
    }
  },
  {
    "name": "endpoints.flyway.sensitive",
    "type": "java.lang.Boolean",
    "description": "Mark if the endpoint exposes sensitive information.",
    "deprecation": {
      "reason": "Endpoint sensitive flag is no longer customizable as Spring Boot no longer provides a customizable security auto-configuration\n. Create or adapt your security configuration accordingly.",
      "level": "error"
    }
  },
  {
    "name": "endpoints.health.id",
    "type": "java.lang.String",
    "description": "Endpoint identifier. With HTTP monitoring the identifier of the endpoint is mapped\n to a URL (e.g. 'foo' is mapped to '/foo').",
    "deprecation": {
      "reason": "Endpoint identifier is no longer customizable.",
      "level": "error"
    }
  },
  {
    "name": "endpoints.health.mapping",
    "type": "java.util.Map<java.lang.String,org.springframework.http.HttpStatus>",
    "description": "Mapping of health statuses to HttpStatus codes. By default, registered health\n statuses map to sensible defaults (i.e. UP maps to 200).",
    "deprecation": {
      "replacement": "management.health.status.http-mapping",
      "level": "error"
    }
  },
  {
    "name": "endpoints.health.path",
    "type": "java.lang.String",
    "description": "Endpoint URL path.",
    "deprecation": {
      "reason": "Endpoint path is no longer customizable.",
      "level": "error"
    }
  },
  {
    "name": "endpoints.health.sensitive",
    "type": "java.lang.Boolean",
    "description": "Mark if the endpoint exposes sensitive information.",
    "deprecation": {
      "reason": "Endpoint sensitive flag is no longer customizable as Spring Boot no longer provides a customizable security auto-configuration\n. Create or adapt your security configuration accordingly.",
      "level": "error"
    }
  },
  {
    "name": "endpoints.health.time-to-live",
    "type": "java.lang.Long",
    "description": "Time to live for cached result, in milliseconds.",
    "defaultValue": 1000,
    "deprecation": {
      "replacement": "endpoints.health.cache.time-to-live",
      "level": "error"
    }
  },
  {
    "name": "endpoints.heapdump.path",
    "type": "java.lang.String",
    "description": "Endpoint URL path.",
    "deprecation": {
      "reason": "Endpoint path is no longer customizable.",
      "level": "error"
    }
  },
  {
    "name": "endpoints.heapdump.sensitive",
    "type": "java.lang.Boolean",
    "description": "Mark if the endpoint exposes sensitive information.",
    "deprecation": {
      "reason": "Endpoint sensitive flag is no longer customizable as Spring Boot no longer provides a customizable security auto-configuration\n. Create or adapt your security configuration accordingly.",
      "level": "error"
    }
  },
  {
    "name": "endpoints.hypermedia.enabled",
    "type": "java.lang.Boolean",
    "description": "Enable hypermedia support for endpoints.",
    "defaultValue": false,
    "deprecation": {
      "reason": "Hypermedia support in the Actuator is no longer available.",
      "level": "error"
    }
  },
  {
    "name": "endpoints.info.id",
    "type": "java.lang.String",
    "description": "Endpoint identifier. With HTTP monitoring the identifier of the endpoint is mapped\n to a URL (e.g. 'foo' is mapped to '/foo').",
    "deprecation": {
      "reason": "Endpoint identifier is no longer customizable.",
      "level": "error"
    }
  },
  {
    "name": "endpoints.info.path",
    "type": "java.lang.String",
    "description": "Endpoint URL path.",
    "deprecation": {
      "reason": "Endpoint path is no longer customizable.",
      "level": "error"
    }
  },
  {
    "name": "endpoints.info.sensitive",
    "type": "java.lang.Boolean",
    "description": "Mark if the endpoint exposes sensitive information.",
    "deprecation": {
      "reason": "Endpoint sensitive flag is no longer customizable as Spring Boot no longer provides a customizable security auto-configuration\n. Create or adapt your security configuration accordingly.",
      "level": "error"
    }
  },
  {
    "name": "endpoints.jmx.domain",
    "type": "java.lang.String",
    "description": "JMX domain name. Initialized with the value of 'spring.jmx.default-domain' if set.",
    "deprecation": {
      "replacement": "management.endpoints.jmx.domain",
      "level": "error"
    }
  },
  {
    "name": "endpoints.jmx.enabled",
    "type": "java.lang.Boolean",
    "description": "Enable JMX export of all endpoints.",
    "defaultValue": true,
    "deprecation": {
      "replacement": "endpoints.all.jmx.enabled",
      "level": "error"
    }
  },
  {
    "name": "endpoints.jmx.static-names",
    "type": "java.util.Properties",
    "description": "Additional static properties to append to all ObjectNames of MBeans representing\n Endpoints.",
    "deprecation": {
      "replacement": "management.endpoints.jmx.static-names",
      "level": "error"
    }
  },
  {
    "name": "endpoints.jmx.unique-names",
    "type": "java.lang.Boolean",
    "description": "Ensure that ObjectNames are modified in case of conflict.",
    "defaultValue": false,
    "deprecation": {
      "replacement": "management.endpoints.jmx.unique-names",
      "level": "error"
    }
  },
  {
    "name": "endpoints.jolokia.enabled",
    "type": "java.lang.Boolean",
    "description": "Enable the endpoint.",
    "deprecation": {
      "replacement": "management.jolokia.enabled",
      "level": "error"
    }
  },
  {
    "name": "endpoints.jolokia.path",
    "type": "java.lang.String",
    "description": "Endpoint URL path.",
    "deprecation": {
      "reason": "Endpoint path is no longer customizable.",
      "level": "error"
    }
  },
  {
    "name": "endpoints.jolokia.sensitive",
    "type": "java.lang.Boolean",
    "description": "Mark if the endpoint exposes sensitive information.",
    "deprecation": {
      "reason": "Endpoint sensitive flag is no longer customizable as Spring Boot no longer provides a customizable security auto-configuration\n. Create or adapt your security configuration accordingly.",
      "level": "error"
    }
  },
  {
    "name": "endpoints.liquibase.id",
    "type": "java.lang.String",
    "description": "Endpoint identifier. With HTTP monitoring the identifier of the endpoint is mapped\n to a URL (e.g. 'foo' is mapped to '/foo').",
    "deprecation": {
      "reason": "Endpoint identifier is no longer customizable.",
      "level": "error"
    }
  },
  {
    "name": "endpoints.liquibase.sensitive",
    "type": "java.lang.Boolean",
    "description": "Mark if the endpoint exposes sensitive information.",
    "deprecation": {
      "reason": "Endpoint sensitive flag is no longer customizable as Spring Boot no longer provides a customizable security auto-configuration\n. Create or adapt your security configuration accordingly.",
      "level": "error"
    }
  },
  {
    "name": "endpoints.logfile.path",
    "type": "java.lang.String",
    "description": "Endpoint URL path.",
    "deprecation": {
      "reason": "Endpoint path is no longer customizable.",
      "level": "error"
    }
  },
  {
    "name": "endpoints.logfile.sensitive",
    "type": "java.lang.Boolean",
    "description": "Mark if the endpoint exposes sensitive information.",
    "deprecation": {
      "reason": "Endpoint sensitive flag is no longer customizable as Spring Boot no longer provides a customizable security auto-configuration\n. Create or adapt your security configuration accordingly.",
      "level": "error"
    }
  },
  {
    "name": "endpoints.loggers.id",
    "type": "java.lang.String",
    "description": "Endpoint identifier. With HTTP monitoring the identifier of the endpoint is mapped\n to a URL (e.g. 'foo' is mapped to '/foo').",
    "deprecation": {
      "reason": "Endpoint identifier is no longer customizable.",
      "level": "error"
    }
  },
  {
    "name": "endpoints.loggers.path",
    "type": "java.lang.String",
    "description": "Endpoint URL path.",
    "deprecation": {
      "reason": "Endpoint path is no longer customizable.",
      "level": "error"
    }
  },
  {
    "name": "endpoints.loggers.sensitive",
    "type": "java.lang.Boolean",
    "description": "Mark if the endpoint exposes sensitive information.",
    "deprecation": {
      "reason": "Endpoint sensitive flag is no longer customizable as Spring Boot no longer provides a customizable security auto-configuration\n. Create or adapt your security configuration accordingly.",
      "level": "error"
    }
  },
  {
    "name": "endpoints.mappings.id",
    "type": "java.lang.String",
    "description": "Endpoint identifier. With HTTP monitoring the identifier of the endpoint is mapped\n to a URL (e.g. 'foo' is mapped to '/foo').",
    "deprecation": {
      "reason": "Endpoint identifier is no longer customizable.",
      "level": "error"
    }
  },
  {
    "name": "endpoints.mappings.path",
    "type": "java.lang.String",
    "description": "Endpoint URL path.",
    "deprecation": {
      "reason": "Endpoint path is no longer customizable.",
      "level": "error"
    }
  },
  {
    "name": "endpoints.mappings.sensitive",
    "type": "java.lang.Boolean",
    "description": "Mark if the endpoint exposes sensitive information.",
    "deprecation": {
      "reason": "Endpoint sensitive flag is no longer customizable as Spring Boot no longer provides a customizable security auto-configuration\n. Create or adapt your security configuration accordingly.",
      "level": "error"
    }
  },
  {
    "name": "endpoints.metrics.id",
    "type": "java.lang.String",
    "description": "Endpoint identifier. With HTTP monitoring the identifier of the endpoint is mapped\n to a URL (e.g. 'foo' is mapped to '/foo').",
    "deprecation": {
      "reason": "Endpoint identifier is no longer customizable.",
      "level": "error"
    }
  },
  {
    "name": "endpoints.metrics.path",
    "type": "java.lang.String",
    "description": "Endpoint URL path.",
    "deprecation": {
      "reason": "Endpoint path is no longer customizable.",
      "level": "error"
    }
  },
  {
    "name": "endpoints.metrics.sensitive",
    "type": "java.lang.Boolean",
    "description": "Mark if the endpoint exposes sensitive information.",
    "deprecation": {
      "reason": "Endpoint sensitive flag is no longer customizable as Spring Boot no longer provides a customizable security auto-configuration\n. Create or adapt your security configuration accordingly.",
      "level": "error"
    }
  },
  {
    "name": "endpoints.sensitive",
    "type": "java.lang.Boolean",
    "description": "Default endpoint sensitive setting.",
    "deprecation": {
      "reason": "Endpoint sensitive flag is no longer customizable as Spring Boot no longer provides a customizable security auto-configuration\n. Create or adapt your security configuration accordingly.",
      "level": "error"
    }
  },
  {
    "name": "endpoints.shutdown.id",
    "type": "java.lang.String",
    "description": "Endpoint identifier. With HTTP monitoring the identifier of the endpoint is mapped\n to a URL (e.g. 'foo' is mapped to '/foo').",
    "deprecation": {
      "reason": "Endpoint identifier is no longer customizable.",
      "level": "error"
    }
  },
  {
    "name": "endpoints.shutdown.path",
    "type": "java.lang.String",
    "description": "Endpoint URL path.",
    "deprecation": {
      "reason": "Endpoint path is no longer customizable.",
      "level": "error"
    }
  },
  {
    "name": "endpoints.shutdown.sensitive",
    "type": "java.lang.Boolean",
    "description": "Mark if the endpoint exposes sensitive information.",
    "deprecation": {
      "reason": "Endpoint sensitive flag is no longer customizable as Spring Boot no longer provides a customizable security auto-configuration\n. Create or adapt your security configuration accordingly.",
      "level": "error"
    }
  },
  {
    "name": "endpoints.trace.id",
    "type": "java.lang.String",
    "description": "Endpoint identifier. With HTTP monitoring the identifier of the endpoint is mapped\n to a URL (e.g. 'foo' is mapped to '/foo').",
    "deprecation": {
      "reason": "Endpoint identifier is no longer customizable.",
      "level": "error"
    }
  },
  {
    "name": "endpoints.trace.path",
    "type": "java.lang.String",
    "description": "Endpoint URL path.",
    "deprecation": {
      "reason": "Endpoint path is no longer customizable.",
      "level": "error"
    }
  },
  {
    "name": "endpoints.trace.sensitive",
    "type": "java.lang.Boolean",
    "description": "Mark if the endpoint exposes sensitive information.",
    "deprecation": {
      "reason": "Endpoint sensitive flag is no longer customizable as Spring Boot no longer provides a customizable security auto-configuration\n. Create or adapt your security configuration accordingly.",
      "level": "error"
    }
  },
  {
    "name" : "jolokia.config",
    "type" : "java.util.Map<java.lang.String,java.lang.String>",
    "description" : "Jolokia settings. These are traditionally set using servlet parameters. Refer to\n the documentation of Jolokia for more details.",
    "deprecation" : {
      "replacement" : "management.jolokia.config",
      "level" : "error"
    }
  },
  {
    "name" : "management.shell.auth.jaas.domain",
    "type" : "java.lang.String",
    "description" : "JAAS domain.",
    "defaultValue" : "my-domain",
    "deprecation" : {
      "reason" : "CRaSH support is no longer available.",
      "level" : "error"
    }
  },
  {
    "name" : "management.shell.auth.key.path",
    "type" : "java.lang.String",
    "description" : "Path to the authentication key. This should point to a valid \".pem\" file.",
    "deprecation" : {
      "reason" : "CRaSH support is no longer available.",
      "level" : "error"
    }
  },
  {
    "name" : "management.shell.auth.simple.user.name",
    "type" : "java.lang.String",
    "description" : "Login user.",
    "defaultValue" : "user",
    "deprecation" : {
      "reason" : "CRaSH support is no longer available.",
      "level" : "error"
    }
  },
  {
    "name" : "management.shell.auth.simple.user.password",
    "type" : "java.lang.String",
    "description" : "Login password.",
    "deprecation" : {
      "reason" : "CRaSH support is no longer available.",
      "level" : "error"
    }
  },
  {
    "name" : "management.shell.auth.spring.roles",
    "type" : "java.lang.String[]",
    "description" : "Comma-separated list of required roles to login to the CRaSH console.",
    "defaultValue" : [ "ACTUATOR" ],
    "deprecation" : {
      "replacement" : "management.security.roles",
      "reason" : "CRaSH support is no longer available.",
      "level" : "error"
    }
  },
  {
    "name" : "management.shell.auth.type",
    "type" : "java.lang.String",
    "description" : "Authentication type. Auto-detected according to the environment (i.e. if Spring\n Security is available, \"spring\" is used by default).",
    "defaultValue" : "simple",
    "deprecation" : {
      "reason" : "CRaSH support is no longer available.",
      "level" : "error"
    }
  },
  {
    "name" : "management.shell.command-path-patterns",
    "type" : "java.lang.String[]",
    "description" : "Patterns to use to look for commands.",
    "defaultValue" : [ "classpath*:/commands/**", "classpath*:/crash/commands/**" ],
    "deprecation" : {
      "reason" : "CRaSH support is no longer available.",
      "level" : "error"
    }
  },
  {
    "name" : "management.shell.command-refresh-interval",
    "type" : "java.lang.Integer",
    "description" : "Scan for changes and update the command if necessary (in seconds).",
    "defaultValue" : -1,
    "deprecation" : {
      "reason" : "CRaSH support is no longer available.",
      "level" : "error"
    }
  },
  {
    "name" : "management.shell.config-path-patterns",
    "type" : "java.lang.String[]",
    "description" : "Patterns to use to look for configurations.",
    "defaultValue" : [ "classpath*:/crash/*" ],
    "deprecation" : {
      "reason" : "CRaSH support is no longer available.",
      "level" : "error"
    }
  },
  {
    "name" : "management.shell.disabled-commands",
    "type" : "java.lang.String[]",
    "description" : "Comma-separated list of commands to disable.",
    "defaultValue" : [ "jpa*", "jdbc*", "jndi*" ],
    "deprecation" : {
      "reason" : "CRaSH support is no longer available.",
      "level" : "error"
    }
  }, {
    "name" : "management.shell.disabled-plugins",
    "type" : "java.lang.String[]",
    "description" : "Comma-separated list of plugins to disable. Certain plugins are disabled by default\n based on the environment.",
    "defaultValue" : [ ],
    "deprecation" : {
      "reason" : "CRaSH support is no longer available.",
      "level" : "error"
    }
  },
  {
    "name" : "management.shell.ssh.auth-timeout",
    "type" : "java.lang.Integer",
    "description" : "Number of milliseconds after user will be prompted to login again.",
    "defaultValue" : 600000,
    "deprecation" : {
      "reason" : "CRaSH support is no longer available.",
      "level" : "error"
    }
  }, {
    "name" : "management.shell.ssh.enabled",
    "type" : "java.lang.Boolean",
    "description" : "Enable CRaSH SSH support.",
    "defaultValue" : true,
    "deprecation" : {
      "reason" : "CRaSH support is no longer available.",
      "level" : "error"
    }
  },
  {
    "name" : "management.shell.ssh.idle-timeout",
    "type" : "java.lang.Integer",
    "description" : "Number of milliseconds after which unused connections are closed.",
    "defaultValue" : 600000,
    "deprecation" : {
      "reason" : "CRaSH support is no longer available.",
      "level" : "error"
    }
  },
  {
    "name" : "management.shell.ssh.key-path",
    "type" : "java.lang.String",
    "description" : "Path to the SSH server key.",
    "deprecation" : {
      "reason" : "CRaSH support is no longer available.",
      "level" : "error"
    }
  },
  {
    "name" : "management.shell.ssh.port",
    "type" : "java.lang.Integer",
    "description" : "SSH port.",
    "defaultValue" : 2000,
    "deprecation" : {
      "reason" : "CRaSH support is no longer available.",
      "level" : "error"
    }
  },
  {
    "name" : "management.shell.telnet.enabled",
    "type" : "java.lang.Boolean",
    "description" : "Enable CRaSH telnet support. Enabled by default if the TelnetPlugin is\n available.",
    "defaultValue" : false,
    "deprecation" : {
      "reason" : "CRaSH support is no longer available.",
      "level" : "error"
    }
  },
  {
    "name" : "management.shell.telnet.port",
    "type" : "java.lang.Integer",
    "description" : "Telnet port.",
    "defaultValue" : 5000,
    "deprecation" : {
      "reason" : "CRaSH support is no longer available.",
      "level" : "error"
    }
  }
],"hints": [
  {
    "name": "management.endpoints.cors.allowed-headers",
    "values": [
      {
        "value": "*"
      }
    ],
    "providers": [
      {
        "name": "any"
      }
    ]
  },
  {
    "name": "management.endpoints.cors.allowed-methods",
    "values": [
      {
        "value": "*"
      }
    ],
    "providers": [
      {
        "name": "any"
      }
    ]
  },
  {
    "name": "management.endpoints.cors.allowed-origins",
    "values": [
      {
        "value": "*"
      }
    ],
    "providers": [
      {
        "name": "any"
      }
    ]
  },
  {
    "name": "management.health.status.order",
    "values": [
      {
        "value": "UNKNOWN"
      },
      {
        "value": "UP"
      },
      {
        "value": "DOWN"
      },
      {
        "value": "OUT_OF_SERVICE"
      }
    ],
    "providers": [
      {
        "name": "any"
      }
    ]
  }
]}

