<beans xmlns="http://www.springframework.org/schema/beans"
	xmlns:batch="http://www.springframework.org/schema/batch" xmlns:task="http://www.springframework.org/schema/task"
	xmlns:xsi="http://www.w3.org/2001/XMLSchema-instance"
	xsi:schemaLocation="http://www.springframework.org/schema/batch
		http://www.springframework.org/schema/batch/spring-batch-2.2.xsd
		http://www.springframework.org/schema/beans 
		http://www.springframework.org/schema/beans/spring-beans-3.2.xsd">

	<batch:job id="recordJob">
		<batch:step id="step1">
			<batch:tasklet task-executor="taskExecutor" throttle-limit="5">
				<batch:chunk 
					reader="threadSafeXmlItemReader" 
					writer="embeddedDatabaseJdbcBatchItemWriter" 
					commit-interval="100000">
				</batch:chunk>
			</batch:tasklet>
			<batch:listeners>
		      <batch:listener ref="step1StepListener" />
		    </batch:listeners>
		</batch:step>
		<batch:listeners>
		      <batch:listener ref="jobListener" />
		</batch:listeners>
	</batch:job>
	

</beans>
