<?xml version="1.0" encoding="UTF-8"?>
<beans xmlns="http://www.springframework.org/schema/beans"
	xmlns:xsi="http://www.w3.org/2001/XMLSchema-instance" xmlns:batch="http://www.springframework.org/schema/batch"
	xsi:schemaLocation="
	http://www.springframework.org/schema/batch http://www.springframework.org/schema/batch/spring-batch-2.1.xsd
	http://www.springframework.org/schema/beans http://www.springframework.org/schema/beans/spring-beans-3.0.xsd">

	<batch:job id="InventoryLoader">
		<batch:step id="partitionedInventoryLoadStep">
			<batch:partition step="inventoryLoadStep" partitioner="inventoryFilePartitioner">
				<batch:handler grid-size="10" task-executor="inventoryLoadTaskExecutor" />
			</batch:partition>
		</batch:step>
	</batch:job>

	<batch:step id="inventoryLoadStep" xmlns="http://www.springframework.org/schema/batch">
		<batch:tasklet transaction-manager="transactionManager">
			<batch:chunk reader="inventoryLoadReader" writer="logItemWriter"
				commit-interval="5000" />
		</batch:tasklet>
	</batch:step>



	<bean id="inventoryFilePartitioner" 
		class="com.keyhole.example.partition.MultiFileResourcePartitioner"
		scope="step">
		<property name="inboundDir" value="/data/inbound" />
	</bean>

	<bean id="inventoryLoadTaskExecutor"
		class="org.springframework.scheduling.concurrent.ThreadPoolTaskExecutor">
		<property name="corePoolSize" value="10" />
		<property name="maxPoolSize" value="10" />
		<property name="allowCoreThreadTimeOut" value="true" />
	</bean>

	<bean name="inventoryLoadReader" scope="step"
		class="org.springframework.batch.item.file.FlatFileItemReader">
		<property name="resource" value="#{stepExecutionContext['fileResource']}" />
		<property name="lineMapper" ref="inventoryLineMapper" />
		<property name="linesToSkip" value="1" />
	</bean>

	<bean name="inventoryLineMapper"
		class="org.springframework.batch.item.file.mapping.DefaultLineMapper">
		<property name="fieldSetMapper" ref="inventoryFieldMapper" />
		<property name="lineTokenizer" ref="inventoryLineTokenizer" />
	</bean>

	<bean name="inventoryLineTokenizer"
		class="org.springframework.batch.item.file.transform.DelimitedLineTokenizer" />



</beans>
