<?xml version="1.0" encoding="UTF-8"?>
<job id="partitionMapperJobNoDI" xmlns="http://xmlns.jcp.org/xml/ns/javaee" version="1.0" xmlns:xsi="http://www.w3.org/2001/XMLSchema-instance"
	xsi:schemaLocation="http://xmlns.jcp.org/xml/ns/javaee http://www.oracle.com/webfolder/technetwork/jsc/xml/ns/javaee/jobXML_1_0.xsd">
    <step id="chunkStep">
        <chunk item-count="2">
            <reader ref="de.codecentric.batch.item.PartitionedItemReader">
            	<properties>
            		<property name="datakey" value="#{partitionPlan['datakeyPartition']}"/>
            	</properties>
            </reader>
            <processor ref="de.codecentric.batch.item.LogItemProcessor"/>
            <writer ref="de.codecentric.batch.item.LogItemWriter"/>
        </chunk>
        <partition>
        	<mapper ref="de.codecentric.batch.item.SimplePartitionMapper" />
        </partition>
    </step>
</job>