<?xml version="1.0" encoding="UTF-8" standalone="no"?>
<licenseSummary>
  <dependencies>
    <dependency>
      <groupId>cglib</groupId>
      <artifactId>cglib-nodep</artifactId>
      <version>3.1</version>
      <licenses>
        <license>
          <name>Apache Software License, Version 2.0</name>
          <url>http://www.apache.org/licenses/LICENSE-2.0.txt</url>
        </license>
      </licenses>
    </dependency>
    <dependency>
      <groupId>com.fasterxml.jackson.core</groupId>
      <artifactId>jackson-annotations</artifactId>
      <version>2.7.0</version>
      <licenses>
        <license>
          <name>Apache Software License, Version 2.0</name>
          <url>http://www.apache.org/licenses/LICENSE-2.0.txt</url>
        </license>
      </licenses>
    </dependency>
    <dependency>
      <groupId>com.fasterxml.jackson.core</groupId>
      <artifactId>jackson-core</artifactId>
      <version>2.7.4</version>
      <licenses>
        <license>
          <name>Apache Software License, Version 2.0</name>
          <url>http://www.apache.org/licenses/LICENSE-2.0.txt</url>
        </license>
      </licenses>
    </dependency>
    <dependency>
      <groupId>com.fasterxml.jackson.core</groupId>
      <artifactId>jackson-databind</artifactId>
      <version>2.7.4</version>
      <licenses>
        <license>
          <name>Apache Software License, Version 2.0</name>
          <url>http://www.apache.org/licenses/LICENSE-2.0.txt</url>
        </license>
      </licenses>
    </dependency>
    <dependency>
      <groupId>com.fasterxml.jackson.dataformat</groupId>
      <artifactId>jackson-dataformat-yaml</artifactId>
      <version>2.7.7</version>
      <licenses>
        <license>
          <name>Apache Software License, Version 2.0</name>
          <url>http://www.apache.org/licenses/LICENSE-2.0.txt</url>
        </license>
      </licenses>
    </dependency>
    <dependency>
      <groupId>com.fasterxml.jackson.module</groupId>
      <artifactId>jackson-module-jaxb-annotations</artifactId>
      <version>2.7.5</version>
      <licenses>
        <license>
          <name>Apache Software License, Version 2.0</name>
          <url>http://www.apache.org/licenses/LICENSE-2.0.txt</url>
        </license>
      </licenses>
    </dependency>
    <dependency>
      <groupId>com.github.mifmif</groupId>
      <artifactId>generex</artifactId>
      <version>1.0.1</version>
      <licenses>
        <license>
          <name>Apache Software License, Version 2.0</name>
          <url>http://www.apache.org/licenses/LICENSE-2.0.txt</url>
        </license>
      </licenses>
    </dependency>
    <dependency>
      <groupId>com.jayway.awaitility</groupId>
      <artifactId>awaitility</artifactId>
      <version>1.7.0</version>
      <licenses>
        <license>
          <name>Apache Software License, Version 2.0</name>
          <url>http://www.apache.org/licenses/LICENSE-2.0.txt</url>
        </license>
      </licenses>
    </dependency>
    <dependency>
      <groupId>com.jayway.restassured</groupId>
      <artifactId>json-path</artifactId>
      <version>2.9.0</version>
      <licenses>
        <license>
          <name>Apache Software License, Version 2.0</name>
          <url>http://www.apache.org/licenses/LICENSE-2.0.txt</url>
        </license>
      </licenses>
    </dependency>
    <dependency>
      <groupId>com.jayway.restassured</groupId>
      <artifactId>rest-assured</artifactId>
      <version>2.9.0</version>
      <licenses>
        <license>
          <name>Apache Software License, Version 2.0</name>
          <url>http://www.apache.org/licenses/LICENSE-2.0.txt</url>
        </license>
      </licenses>
    </dependency>
    <dependency>
      <groupId>com.jayway.restassured</groupId>
      <artifactId>rest-assured-common</artifactId>
      <version>2.9.0</version>
      <licenses>
        <license>
          <name>Apache Software License, Version 2.0</name>
          <url>http://www.apache.org/licenses/LICENSE-2.0.txt</url>
        </license>
      </licenses>
    </dependency>
    <dependency>
      <groupId>com.jayway.restassured</groupId>
      <artifactId>xml-path</artifactId>
      <version>2.9.0</version>
      <licenses>
        <license>
          <name>Apache Software License, Version 2.0</name>
          <url>http://www.apache.org/licenses/LICENSE-2.0.txt</url>
        </license>
      </licenses>
    </dependency>
    <dependency>
      <groupId>com.squareup.okhttp3</groupId>
      <artifactId>logging-interceptor</artifactId>
      <version>3.4.1</version>
      <licenses>
        <license>
          <name>Apache Software License, Version 2.0</name>
          <url>http://www.apache.org/licenses/LICENSE-2.0.txt</url>
        </license>
      </licenses>
    </dependency>
    <dependency>
      <groupId>com.squareup.okhttp3</groupId>
      <artifactId>okhttp</artifactId>
      <version>3.4.1</version>
      <licenses>
        <license>
          <name>Apache Software License, Version 2.0</name>
          <url>http://www.apache.org/licenses/LICENSE-2.0.txt</url>
        </license>
      </licenses>
    </dependency>
    <dependency>
      <groupId>com.squareup.okhttp3</groupId>
      <artifactId>okhttp-ws</artifactId>
      <version>3.4.1</version>
      <licenses>
        <license>
          <name>Apache Software License, Version 2.0</name>
          <url>http://www.apache.org/licenses/LICENSE-2.0.txt</url>
        </license>
      </licenses>
    </dependency>
    <dependency>
      <groupId>com.squareup.okio</groupId>
      <artifactId>okio</artifactId>
      <version>1.9.0</version>
      <licenses>
        <license>
          <name>Apache Software License, Version 2.0</name>
          <url>http://www.apache.org/licenses/LICENSE-2.0.txt</url>
        </license>
      </licenses>
    </dependency>
    <dependency>
      <groupId>commons-codec</groupId>
      <artifactId>commons-codec</artifactId>
      <version>1.9</version>
      <licenses>
        <license>
          <name>Apache Software License, Version 2.0</name>
          <url>http://www.apache.org/licenses/LICENSE-2.0.txt</url>
        </license>
      </licenses>
    </dependency>
    <dependency>
      <groupId>commons-logging</groupId>
      <artifactId>commons-logging</artifactId>
      <version>1.2</version>
      <licenses>
        <license>
          <name>Apache Software License, Version 2.0</name>
          <url>http://www.apache.org/licenses/LICENSE-2.0.txt</url>
        </license>
      </licenses>
    </dependency>
    <dependency>
      <groupId>dk.brics.automaton</groupId>
      <artifactId>automaton</artifactId>
      <version>1.11-8</version>
      <licenses>
        <license>
          <name>The 2-Clause BSD License</name>
          <url>https://opensource.org/licenses/bsd-license</url>
        </license>
      </licenses>
    </dependency>
    <dependency>
      <groupId>io.fabric8</groupId>
      <artifactId>kubernetes-client</artifactId>
      <version>1.4.34</version>
      <licenses>
        <license>
          <name>Apache Software License, Version 2.0</name>
          <url>http://www.apache.org/licenses/LICENSE-2.0.txt</url>
        </license>
      </licenses>
    </dependency>
    <dependency>
      <groupId>io.fabric8</groupId>
      <artifactId>kubernetes-model</artifactId>
      <version>1.0.65</version>
      <licenses>
        <license>
          <name>Apache Software License, Version 2.0</name>
          <url>http://www.apache.org/licenses/LICENSE-2.0.txt</url>
        </license>
      </licenses>
    </dependency>
    <dependency>
      <groupId>io.fabric8</groupId>
      <artifactId>openshift-client</artifactId>
      <version>1.4.34</version>
      <licenses>
        <license>
          <name>Apache Software License, Version 2.0</name>
          <url>http://www.apache.org/licenses/LICENSE-2.0.txt</url>
        </license>
      </licenses>
    </dependency>
    <dependency>
      <groupId>io.fabric8</groupId>
      <artifactId>zjsonpatch</artifactId>
      <version>0.3.0</version>
      <licenses>
        <license>
          <name>Apache Software License, Version 2.0</name>
          <url>http://www.apache.org/licenses/LICENSE-2.0.txt</url>
        </license>
      </licenses>
    </dependency>
    <dependency>
      <groupId>io.netty</groupId>
      <artifactId>netty-buffer</artifactId>
      <version>4.1.8.Final</version>
      <licenses>
        <license>
          <name>Apache Software License, Version 2.0</name>
          <url>http://www.apache.org/licenses/LICENSE-2.0.txt</url>
        </license>
      </licenses>
    </dependency>
    <dependency>
      <groupId>io.netty</groupId>
      <artifactId>netty-codec</artifactId>
      <version>4.1.8.Final</version>
      <licenses>
        <license>
          <name>Apache Software License, Version 2.0</name>
          <url>http://www.apache.org/licenses/LICENSE-2.0.txt</url>
        </license>
      </licenses>
    </dependency>
    <dependency>
      <groupId>io.netty</groupId>
      <artifactId>netty-codec-dns</artifactId>
      <version>4.1.8.Final</version>
      <licenses>
        <license>
          <name>Apache Software License, Version 2.0</name>
          <url>http://www.apache.org/licenses/LICENSE-2.0.txt</url>
        </license>
      </licenses>
    </dependency>
    <dependency>
      <groupId>io.netty</groupId>
      <artifactId>netty-codec-http</artifactId>
      <version>4.1.8.Final</version>
      <licenses>
        <license>
          <name>Apache Software License, Version 2.0</name>
          <url>http://www.apache.org/licenses/LICENSE-2.0.txt</url>
        </license>
      </licenses>
    </dependency>
    <dependency>
      <groupId>io.netty</groupId>
      <artifactId>netty-codec-http2</artifactId>
      <version>4.1.8.Final</version>
      <licenses>
        <license>
          <name>Apache Software License, Version 2.0</name>
          <url>http://www.apache.org/licenses/LICENSE-2.0.txt</url>
        </license>
      </licenses>
    </dependency>
    <dependency>
      <groupId>io.netty</groupId>
      <artifactId>netty-codec-socks</artifactId>
      <version>4.1.8.Final</version>
      <licenses>
        <license>
          <name>Apache Software License, Version 2.0</name>
          <url>http://www.apache.org/licenses/LICENSE-2.0.txt</url>
        </license>
      </licenses>
    </dependency>
    <dependency>
      <groupId>io.netty</groupId>
      <artifactId>netty-common</artifactId>
      <version>4.1.8.Final</version>
      <licenses>
        <license>
          <name>Apache Software License, Version 2.0</name>
          <url>http://www.apache.org/licenses/LICENSE-2.0.txt</url>
        </license>
      </licenses>
    </dependency>
    <dependency>
      <groupId>io.netty</groupId>
      <artifactId>netty-handler</artifactId>
      <version>4.1.8.Final</version>
      <licenses>
        <license>
          <name>Apache Software License, Version 2.0</name>
          <url>http://www.apache.org/licenses/LICENSE-2.0.txt</url>
        </license>
      </licenses>
    </dependency>
    <dependency>
      <groupId>io.netty</groupId>
      <artifactId>netty-handler-proxy</artifactId>
      <version>4.1.8.Final</version>
      <licenses>
        <license>
          <name>Apache Software License, Version 2.0</name>
          <url>http://www.apache.org/licenses/LICENSE-2.0.txt</url>
        </license>
      </licenses>
    </dependency>
    <dependency>
      <groupId>io.netty</groupId>
      <artifactId>netty-resolver</artifactId>
      <version>4.1.8.Final</version>
      <licenses>
        <license>
          <name>Apache Software License, Version 2.0</name>
          <url>http://www.apache.org/licenses/LICENSE-2.0.txt</url>
        </license>
      </licenses>
    </dependency>
    <dependency>
      <groupId>io.netty</groupId>
      <artifactId>netty-resolver-dns</artifactId>
      <version>4.1.8.Final</version>
      <licenses>
        <license>
          <name>Apache Software License, Version 2.0</name>
          <url>http://www.apache.org/licenses/LICENSE-2.0.txt</url>
        </license>
      </licenses>
    </dependency>
    <dependency>
      <groupId>io.netty</groupId>
      <artifactId>netty-transport</artifactId>
      <version>4.1.8.Final</version>
      <licenses>
        <license>
          <name>Apache Software License, Version 2.0</name>
          <url>http://www.apache.org/licenses/LICENSE-2.0.txt</url>
        </license>
      </licenses>
    </dependency>
    <dependency>
      <groupId>io.openshift</groupId>
      <artifactId>openshift-test-utils</artifactId>
      <version>2</version>
      <licenses>
        <license>
          <name>Apache Software License, Version 2.0</name>
          <url>http://www.apache.org/licenses/LICENSE-2.0.txt</url>
        </license>
      </licenses>
    </dependency>
    <dependency>
      <groupId>io.openshift.booster</groupId>
      <artifactId>greeting-service</artifactId>
      <version>5-SNAPSHOT</version>
      <licenses>
        <license>
          <name>Apache Software License, Version 2.0</name>
          <url>http://www.apache.org/licenses/LICENSE-2.0.txt</url>
        </license>
      </licenses>
    </dependency>
    <dependency>
      <groupId>io.openshift.booster</groupId>
      <artifactId>name-service</artifactId>
      <version>5-SNAPSHOT</version>
      <licenses>
        <license>
          <name>Apache Software License, Version 2.0</name>
          <url>http://www.apache.org/licenses/LICENSE-2.0.txt</url>
        </license>
      </licenses>
    </dependency>
    <dependency>
      <groupId>io.reactivex</groupId>
      <artifactId>rxjava</artifactId>
      <version>1.3.0</version>
      <licenses>
        <license>
          <name>Apache Software License, Version 2.0</name>
          <url>http://www.apache.org/licenses/LICENSE-2.0.txt</url>
        </license>
      </licenses>
    </dependency>
    <dependency>
      <groupId>io.rest-assured</groupId>
      <artifactId>json-path</artifactId>
      <version>3.0.3</version>
      <licenses>
        <license>
          <name>Apache Software License, Version 2.0</name>
          <url>http://www.apache.org/licenses/LICENSE-2.0.txt</url>
        </license>
      </licenses>
    </dependency>
    <dependency>
      <groupId>io.rest-assured</groupId>
      <artifactId>rest-assured</artifactId>
      <version>3.0.3</version>
      <licenses>
        <license>
          <name>Apache Software License, Version 2.0</name>
          <url>http://www.apache.org/licenses/LICENSE-2.0.txt</url>
        </license>
      </licenses>
    </dependency>
    <dependency>
      <groupId>io.rest-assured</groupId>
      <artifactId>rest-assured-common</artifactId>
      <version>3.0.3</version>
      <licenses>
        <license>
          <name>Apache Software License, Version 2.0</name>
          <url>http://www.apache.org/licenses/LICENSE-2.0.txt</url>
        </license>
      </licenses>
    </dependency>
    <dependency>
      <groupId>io.rest-assured</groupId>
      <artifactId>xml-path</artifactId>
      <version>3.0.3</version>
      <licenses>
        <license>
          <name>Apache Software License, Version 2.0</name>
          <url>http://www.apache.org/licenses/LICENSE-2.0.txt</url>
        </license>
      </licenses>
    </dependency>
    <dependency>
      <groupId>io.vertx</groupId>
      <artifactId>vertx-auth-common</artifactId>
      <version>3.4.2</version>
      <licenses>
        <license>
          <name>Apache Software License, Version 2.0</name>
          <url>http://www.apache.org/licenses/LICENSE-2.0.txt</url>
        </license>
        <license>
          <name>Eclipse Public License, Version 1.0</name>
          <url>http://www.eclipse.org/legal/epl-v10.html</url>
        </license>
      </licenses>
    </dependency>
    <dependency>
      <groupId>io.vertx</groupId>
      <artifactId>vertx-circuit-breaker</artifactId>
      <version>3.4.2</version>
      <licenses>
        <license>
          <name>Apache Software License, Version 2.0</name>
          <url>http://www.apache.org/licenses/LICENSE-2.0.txt</url>
        </license>
        <license>
          <name>Eclipse Public License, Version 1.0</name>
          <url>http://www.eclipse.org/legal/epl-v10.html</url>
        </license>
      </licenses>
    </dependency>
    <dependency>
      <groupId>io.vertx</groupId>
      <artifactId>vertx-core</artifactId>
      <version>3.4.2</version>
      <licenses>
        <license>
          <name>Apache Software License, Version 2.0</name>
          <url>http://www.apache.org/licenses/LICENSE-2.0.txt</url>
        </license>
        <license>
          <name>Eclipse Public License, Version 1.0</name>
          <url>http://www.eclipse.org/legal/epl-v10.html</url>
        </license>
      </licenses>
    </dependency>
    <dependency>
      <groupId>io.vertx</groupId>
      <artifactId>vertx-rx-java</artifactId>
      <version>3.4.2</version>
      <licenses>
        <license>
          <name>Apache Software License, Version 2.0</name>
          <url>http://www.apache.org/licenses/LICENSE-2.0.txt</url>
        </license>
        <license>
          <name>Eclipse Public License, Version 1.0</name>
          <url>http://www.eclipse.org/legal/epl-v10.html</url>
        </license>
      </licenses>
    </dependency>
    <dependency>
      <groupId>io.vertx</groupId>
      <artifactId>vertx-unit</artifactId>
      <version>3.4.2</version>
      <licenses>
        <license>
          <name>Apache Software License, Version 2.0</name>
          <url>http://www.apache.org/licenses/LICENSE-2.0.txt</url>
        </license>
        <license>
          <name>Eclipse Public License, Version 1.0</name>
          <url>http://www.eclipse.org/legal/epl-v10.html</url>
        </license>
      </licenses>
    </dependency>
    <dependency>
      <groupId>io.vertx</groupId>
      <artifactId>vertx-web</artifactId>
      <version>3.4.2</version>
      <licenses>
        <license>
          <name>Apache Software License, Version 2.0</name>
          <url>http://www.apache.org/licenses/LICENSE-2.0.txt</url>
        </license>
        <license>
          <name>Eclipse Public License, Version 1.0</name>
          <url>http://www.eclipse.org/legal/epl-v10.html</url>
        </license>
      </licenses>
    </dependency>
    <dependency>
      <groupId>io.vertx</groupId>
      <artifactId>vertx-web-client</artifactId>
      <version>3.4.2</version>
      <licenses>
        <license>
          <name>Apache Software License, Version 2.0</name>
          <url>http://www.apache.org/licenses/LICENSE-2.0.txt</url>
        </license>
        <license>
          <name>Eclipse Public License, Version 1.0</name>
          <url>http://www.eclipse.org/legal/epl-v10.html</url>
        </license>
      </licenses>
    </dependency>
    <dependency>
      <groupId>io.vertx</groupId>
      <artifactId>vertx-web-common</artifactId>
      <version>3.4.2</version>
      <licenses>
        <license>
          <name>Apache Software License, Version 2.0</name>
          <url>http://www.apache.org/licenses/LICENSE-2.0.txt</url>
        </license>
        <license>
          <name>Eclipse Public License, Version 1.0</name>
          <url>http://www.eclipse.org/legal/epl-v10.html</url>
        </license>
      </licenses>
    </dependency>
    <dependency>
      <groupId>javax.validation</groupId>
      <artifactId>validation-api</artifactId>
      <version>1.1.0.Final</version>
      <licenses>
        <license>
          <name>Apache Software License, Version 2.0</name>
          <url>http://www.apache.org/licenses/LICENSE-2.0.txt</url>
        </license>
      </licenses>
    </dependency>
    <dependency>
      <groupId>junit</groupId>
      <artifactId>junit</artifactId>
      <version>4.12</version>
      <licenses>
        <license>
          <name>Eclipse Public License, Version 1.0</name>
          <url>http://www.eclipse.org/legal/epl-v10.html</url>
        </license>
      </licenses>
    </dependency>
    <dependency>
      <groupId>org.apache.commons</groupId>
      <artifactId>commons-lang3</artifactId>
      <version>3.4</version>
      <licenses>
        <license>
          <name>Apache Software License, Version 2.0</name>
          <url>http://www.apache.org/licenses/LICENSE-2.0.txt</url>
        </license>
      </licenses>
    </dependency>
    <dependency>
      <groupId>org.apache.httpcomponents</groupId>
      <artifactId>httpclient</artifactId>
      <version>4.5.2</version>
      <licenses>
        <license>
          <name>Apache Software License, Version 2.0</name>
          <url>http://www.apache.org/licenses/LICENSE-2.0.txt</url>
        </license>
      </licenses>
    </dependency>
    <dependency>
      <groupId>org.apache.httpcomponents</groupId>
      <artifactId>httpcore</artifactId>
      <version>4.4.4</version>
      <licenses>
        <license>
          <name>Apache Software License, Version 2.0</name>
          <url>http://www.apache.org/licenses/LICENSE-2.0.txt</url>
        </license>
      </licenses>
    </dependency>
    <dependency>
      <groupId>org.apache.httpcomponents</groupId>
      <artifactId>httpmime</artifactId>
      <version>4.5.1</version>
      <licenses>
        <license>
          <name>Apache Software License, Version 2.0</name>
          <url>http://www.apache.org/licenses/LICENSE-2.0.txt</url>
        </license>
      </licenses>
    </dependency>
    <dependency>
      <groupId>org.assertj</groupId>
      <artifactId>assertj-core</artifactId>
      <version>3.6.2</version>
      <licenses>
        <license>
          <name>Apache Software License, Version 2.0</name>
          <url>http://www.apache.org/licenses/LICENSE-2.0.txt</url>
        </license>
      </licenses>
    </dependency>
    <dependency>
      <groupId>org.ccil.cowan.tagsoup</groupId>
      <artifactId>tagsoup</artifactId>
      <version>1.2.1</version>
      <licenses>
        <license>
          <name>Apache Software License, Version 2.0</name>
          <url>http://www.apache.org/licenses/LICENSE-2.0.txt</url>
        </license>
      </licenses>
    </dependency>
    <dependency>
      <groupId>org.codehaus.groovy</groupId>
      <artifactId>groovy</artifactId>
      <version>2.4.9</version>
      <licenses>
        <license>
          <name>Apache Software License, Version 2.0</name>
          <url>http://www.apache.org/licenses/LICENSE-2.0.txt</url>
        </license>
      </licenses>
    </dependency>
    <dependency>
      <groupId>org.codehaus.groovy</groupId>
      <artifactId>groovy-json</artifactId>
      <version>2.4.9</version>
      <licenses>
        <license>
          <name>Apache Software License, Version 2.0</name>
          <url>http://www.apache.org/licenses/LICENSE-2.0.txt</url>
        </license>
      </licenses>
    </dependency>
    <dependency>
      <groupId>org.codehaus.groovy</groupId>
      <artifactId>groovy-xml</artifactId>
      <version>2.4.9</version>
      <licenses>
        <license>
          <name>Apache Software License, Version 2.0</name>
          <url>http://www.apache.org/licenses/LICENSE-2.0.txt</url>
        </license>
      </licenses>
    </dependency>
    <dependency>
      <groupId>org.hamcrest</groupId>
      <artifactId>hamcrest-core</artifactId>
      <version>1.3</version>
      <licenses>
        <license>
          <name>The 2-Clause BSD License</name>
          <url>https://opensource.org/licenses/bsd-license</url>
        </license>
      </licenses>
    </dependency>
    <dependency>
      <groupId>org.hamcrest</groupId>
      <artifactId>hamcrest-library</artifactId>
      <version>1.3</version>
      <licenses>
        <license>
          <name>The 2-Clause BSD License</name>
          <url>https://opensource.org/licenses/bsd-license</url>
        </license>
      </licenses>
    </dependency>
    <dependency>
      <groupId>org.hdrhistogram</groupId>
      <artifactId>HdrHistogram</artifactId>
      <version>2.1.9</version>
      <licenses>
        <license>
          <name>Public Domain, per Creative Commons CC0</name>
          <url>http://creativecommons.org/publicdomain/zero/1.0/</url>
        </license>
      </licenses>
    </dependency>
    <dependency>
      <groupId>org.objenesis</groupId>
      <artifactId>objenesis</artifactId>
      <version>2.1</version>
      <licenses>
        <license>
          <name>Apache Software License, Version 2.0</name>
          <url>http://www.apache.org/licenses/LICENSE-2.0.txt</url>
        </license>
      </licenses>
    </dependency>
    <dependency>
      <groupId>org.slf4j</groupId>
      <artifactId>jul-to-slf4j</artifactId>
      <version>1.7.13</version>
      <licenses>
        <license>
          <name>The MIT License</name>
          <url>https://opensource.org/licenses/mit</url>
        </license>
      </licenses>
    </dependency>
    <dependency>
      <groupId>org.slf4j</groupId>
      <artifactId>slf4j-api</artifactId>
      <version>1.7.13</version>
      <licenses>
        <license>
          <name>The MIT License</name>
          <url>https://opensource.org/licenses/mit</url>
        </license>
      </licenses>
    </dependency>
    <dependency>
      <groupId>org.yaml</groupId>
      <artifactId>snakeyaml</artifactId>
      <version>1.15</version>
      <licenses>
        <license>
          <name>Apache License Version 2.0</name>
          <url>LICENSE.txt</url>
        </license>
      </licenses>
    </dependency>
  </dependencies>
</licenseSummary>
